ion,formula,adduct,ionFormula,mol_name,super_class,class,sub_class,dataset_ids,encoded_ds,ds_names,single_dataset_id,single_dataset_name,umap_x,umap_y
C10H7NO3+K+,C10H7NO3,+K,C10H7NO3K,"1-Nitronaphthalene-7,8-oxide",Organoheterocyclic compounds,Quinolines and derivatives,Quinoline carboxylic acids,"['2017-08-03_15h09m06s', '2017-08-03_15h09m51s']",[0 0 0 0 0 1 1 0],"['Servier_Ctrl_mouse_wb_median_plane_chca', 'Servier_Ctrl_mouse_wb_lateral_plane_chca']",Multiple Datasets,Multiple Datasets,2.1077032,13.533507
C9H17NO4+H+,C9H17NO4,+H,C9H18NO4,N-lactoyl-Leucine,Organic acids and derivatives,Carboxylic acids and derivatives,"Amino acids, peptides, and analogues","['2017-08-03_15h09m06s', '2017-08-11_07h59m58s', '2017-08-03_15h09m51s', '2017-05-30_06h56m05s', '2017-05-17_19h50m07s', '2017-05-17_19h49m04s']",[1 1 1 0 0 1 1 1],"['Servier_Ctrl_mouse_wb_median_plane_chca', 'Servier_Ctrl_mouse_wb_lateral_plane_DHB', 'Servier_Ctrl_mouse_wb_lateral_plane_chca', 'whole body xenograft (2) [RMS norm]', 'wb xenograft trp pathway dosed- rms_corrected', 'whole body xenograft (1) [RMS norm]']",Multiple Datasets,Multiple Datasets,-2.064839,13.29335
C10H7NO3+Na+,C10H7NO3,+Na,C10H7NO3Na,"1-Nitronaphthalene-7,8-oxide",Organoheterocyclic compounds,Quinolines and derivatives,Quinoline carboxylic acids,"['2017-08-03_15h09m06s', '2017-08-03_15h09m51s']",[0 0 0 0 0 1 1 0],"['Servier_Ctrl_mouse_wb_median_plane_chca', 'Servier_Ctrl_mouse_wb_lateral_plane_chca']",Multiple Datasets,Multiple Datasets,7.1675286,10.396184
C24H50NO7P+H+,C24H50NO7P,+H,C24H51NO7P,LysoPC(16:0),Lipids and lipid-like molecules,Glycerophospholipids,Glycerophosphocholines,"['2017-08-03_15h09m06s', '2017-08-11_07h59m58s', '2017-08-03_15h09m51s', '2017-05-30_06h56m05s', '2017-05-17_19h50m07s', '2017-05-17_19h49m04s']",[1 1 1 0 0 1 1 1],"['Servier_Ctrl_mouse_wb_median_plane_chca', 'Servier_Ctrl_mouse_wb_lateral_plane_DHB', 'Servier_Ctrl_mouse_wb_lateral_plane_chca', 'whole body xenograft (2) [RMS norm]', 'wb xenograft trp pathway dosed- rms_corrected', 'whole body xenograft (1) [RMS norm]']",Multiple Datasets,Multiple Datasets,-1.9476123,13.163799
C4H9N3O2+K+,C4H9N3O2,+K,C4H9N3O2K,Beta-Guanidinopropionic acid,Organic nitrogen compounds,Organonitrogen compounds,Guanidines,"['2017-08-03_15h09m06s', '2017-08-11_07h59m58s', '2017-08-03_15h09m51s', '2017-05-30_06h56m05s', '2017-05-17_19h50m07s', '2017-05-17_19h49m04s']",[1 1 1 0 0 1 1 1],"['Servier_Ctrl_mouse_wb_median_plane_chca', 'Servier_Ctrl_mouse_wb_lateral_plane_DHB', 'Servier_Ctrl_mouse_wb_lateral_plane_chca', 'whole body xenograft (2) [RMS norm]', 'wb xenograft trp pathway dosed- rms_corrected', 'whole body xenograft (1) [RMS norm]']",Multiple Datasets,Multiple Datasets,6.794427,10.271928
C10H11NO+Na+,C10H11NO,+Na,C10H11NONa,"3,4-Dihydro-4-[(5-methyl-2-furanyl)methylene]-2H-pyrrole",Organoheterocyclic compounds,Heteroaromatic compounds,,"['2017-08-03_15h09m06s', '2017-08-03_15h09m51s', '2017-05-30_06h56m05s', '2017-05-17_19h50m07s', '2017-05-17_19h49m04s']",[1 1 1 0 0 1 1 0],"['Servier_Ctrl_mouse_wb_median_plane_chca', 'Servier_Ctrl_mouse_wb_lateral_plane_chca', 'whole body xenograft (2) [RMS norm]', 'wb xenograft trp pathway dosed- rms_corrected', 'whole body xenograft (1) [RMS norm]']",Multiple Datasets,Multiple Datasets,6.886098,10.32514
C7H15NO3+H+,C7H15NO3,+H,C7H16NO3,Malonyl-Carnitin,Organic nitrogen compounds,Organonitrogen compounds,Quaternary ammonium salts,"['2017-08-03_15h09m06s', '2017-08-11_07h59m58s', '2017-08-03_15h09m51s', '2017-05-30_06h56m05s', '2017-05-17_19h50m07s', '2017-05-17_19h49m04s']",[1 1 1 0 0 1 1 1],"['Servier_Ctrl_mouse_wb_median_plane_chca', 'Servier_Ctrl_mouse_wb_lateral_plane_DHB', 'Servier_Ctrl_mouse_wb_lateral_plane_chca', 'whole body xenograft (2) [RMS norm]', 'wb xenograft trp pathway dosed- rms_corrected', 'whole body xenograft (1) [RMS norm]']",Multiple Datasets,Multiple Datasets,7.0397854,10.509174
C28H33O14+Na+,C28H33O14,+Na,C28H33O14Na,Pelargonidin 3-sophoroside,Phenylpropanoids and polyketides,Flavonoids,Flavonoid glycosides,"['2017-08-03_15h09m06s', '2017-08-03_15h09m51s']",[0 0 0 0 0 1 1 0],"['Servier_Ctrl_mouse_wb_median_plane_chca', 'Servier_Ctrl_mouse_wb_lateral_plane_chca']",Multiple Datasets,Multiple Datasets,7.019996,10.48927
C29H47NO4+Na+,C29H47NO4,+Na,C29H47NO4Na,23-Acetoxysoladulcidine,Lipids and lipid-like molecules,Steroids and steroid derivatives,Steroidal alkaloids,"['2017-08-03_15h09m06s', '2017-08-11_07h59m58s', '2017-05-30_06h56m05s', '2017-05-17_19h50m07s', '2017-05-17_19h49m04s']",[1 1 1 0 0 1 0 1],"['Servier_Ctrl_mouse_wb_median_plane_chca', 'Servier_Ctrl_mouse_wb_lateral_plane_DHB', 'whole body xenograft (2) [RMS norm]', 'wb xenograft trp pathway dosed- rms_corrected', 'whole body xenograft (1) [RMS norm]']",Multiple Datasets,Multiple Datasets,-2.04576,13.091921
C23H45NO4+H+,C23H45NO4,+H,C23H46NO4,L-Palmitoylcarnitine,Lipids and lipid-like molecules,Fatty Acyls,Fatty acid esters,"['2017-08-03_15h09m06s', '2017-08-11_07h59m58s', '2017-08-03_15h09m51s', '2017-05-30_06h56m05s', '2017-05-17_19h50m07s', '2017-05-17_19h49m04s']",[1 1 1 0 0 1 1 1],"['Servier_Ctrl_mouse_wb_median_plane_chca', 'Servier_Ctrl_mouse_wb_lateral_plane_DHB', 'Servier_Ctrl_mouse_wb_lateral_plane_chca', 'whole body xenograft (2) [RMS norm]', 'wb xenograft trp pathway dosed- rms_corrected', 'whole body xenograft (1) [RMS norm]']",Multiple Datasets,Multiple Datasets,7.127149,10.457285
C9H14N4O3+K+,C9H14N4O3,+K,C9H14N4O3K,"(6R)-6-(L-Erythro-1,2-Dihydroxypropyl)-5,6,7,8-tetrahydro-4a-hydroxypterin",Organic acids and derivatives,Carboxylic acids and derivatives,"Amino acids, peptides, and analogues","['2017-08-03_15h09m06s', '2017-08-03_15h09m51s']",[0 0 0 0 0 1 1 0],"['Servier_Ctrl_mouse_wb_median_plane_chca', 'Servier_Ctrl_mouse_wb_lateral_plane_chca']",Multiple Datasets,Multiple Datasets,6.5721393,10.801467
C7H15NO3+K+,C7H15NO3,+K,C7H15NO3K,Malonyl-Carnitin,Organic nitrogen compounds,Organonitrogen compounds,Quaternary ammonium salts,"['2017-08-03_15h09m06s', '2017-08-03_15h09m51s']",[0 0 0 0 0 1 1 0],"['Servier_Ctrl_mouse_wb_median_plane_chca', 'Servier_Ctrl_mouse_wb_lateral_plane_chca']",Multiple Datasets,Multiple Datasets,-1.750002,13.068469
C11H20N2O3+H+,C11H20N2O3,+H,C11H21N2O3,Leucylproline,Organic acids and derivatives,Carboxylic acids and derivatives,"Amino acids, peptides, and analogues","['2017-08-03_15h09m06s', '2017-08-11_07h59m58s', '2017-08-03_15h09m51s', '2017-05-30_06h56m05s', '2017-05-17_19h50m07s', '2017-05-17_19h49m04s']",[1 1 1 0 0 1 1 1],"['Servier_Ctrl_mouse_wb_median_plane_chca', 'Servier_Ctrl_mouse_wb_lateral_plane_DHB', 'Servier_Ctrl_mouse_wb_lateral_plane_chca', 'whole body xenograft (2) [RMS norm]', 'wb xenograft trp pathway dosed- rms_corrected', 'whole body xenograft (1) [RMS norm]']",Multiple Datasets,Multiple Datasets,-1.8110161,13.123172
C9H20N2O2+H+,C9H20N2O2,+H,C9H21N2O2,"N6,N6,N6-Trimethyl-L-lysine",Organic acids and derivatives,Carboxylic acids and derivatives,"Amino acids, peptides, and analogues","['2017-08-03_15h09m06s', '2017-08-03_15h09m51s', '2017-05-17_19h50m07s']",[0 1 0 0 0 1 1 0],"['Servier_Ctrl_mouse_wb_median_plane_chca', 'Servier_Ctrl_mouse_wb_lateral_plane_chca', 'wb xenograft trp pathway dosed- rms_corrected']",Multiple Datasets,Multiple Datasets,7.0094886,10.554111
C24H32O5+Na+,C24H32O5,+Na,C24H32O5Na,Lucidone B,Phenylpropanoids and polyketides,Coumarins and derivatives,,['2017-08-03_15h09m06s'],[0 0 0 0 0 1 0 0],['Servier_Ctrl_mouse_wb_median_plane_chca'],2017-08-03_15h09m06s,Servier_Ctrl_mouse_wb_median_plane_chca,4.7082734,13.827081
C10H7NO3+H+,C10H7NO3,+H,C10H8NO3,"1-Nitronaphthalene-7,8-oxide",Organoheterocyclic compounds,Quinolines and derivatives,Quinoline carboxylic acids,"['2017-08-03_15h09m06s', '2017-08-03_15h09m51s']",[0 0 0 0 0 1 1 0],"['Servier_Ctrl_mouse_wb_median_plane_chca', 'Servier_Ctrl_mouse_wb_lateral_plane_chca']",Multiple Datasets,Multiple Datasets,0.9022043,13.444622
C10H11NO2+Na+,C10H11NO2,+Na,C10H11NO2Na,"N,N-dimethylindoliumolate",Organoheterocyclic compounds,Indoles and derivatives,Hydroxyindoles,['2017-08-03_15h09m06s'],[0 0 0 0 0 1 0 0],['Servier_Ctrl_mouse_wb_median_plane_chca'],2017-08-03_15h09m06s,Servier_Ctrl_mouse_wb_median_plane_chca,-1.8769127,13.080025
C26H30O12+Na+,C26H30O12,+Na,C26H30O12Na,"6-({8,9-dihydroxy-17-methoxy-10-oxo-2-oxatricyclo[13.2.2.1³,⁷]icosa-1(17),3,5,7(20),15,18-hexaen-4-yl}oxy)-3,4,5-trihydroxyoxane-2-carboxylic acid",Phenylpropanoids and polyketides,Stilbenes,Stilbene glycosides,"['2017-08-03_15h09m06s', '2017-08-03_15h09m51s']",[0 0 0 0 0 1 1 0],"['Servier_Ctrl_mouse_wb_median_plane_chca', 'Servier_Ctrl_mouse_wb_lateral_plane_chca']",Multiple Datasets,Multiple Datasets,0.97655904,13.56995
C21H22O5+H+,C21H22O5,+H,C21H23O5,"3-(2-hydroxy-4-methoxyphenyl)-8,8-dimethyl-2H,3H,4H,8H-pyrano[2,3-f]chromen-3-ol",Phenylpropanoids and polyketides,2-arylbenzofuran flavonoids,,['2017-08-03_15h09m06s'],[0 0 0 0 0 1 0 0],['Servier_Ctrl_mouse_wb_median_plane_chca'],2017-08-03_15h09m06s,Servier_Ctrl_mouse_wb_median_plane_chca,-1.7613313,13.0831375
C8H17NO2+H+,C8H17NO2,+H,C8H18NO2,DL-2-Aminooctanoic acid,Organic acids and derivatives,Carboxylic acids and derivatives,"Amino acids, peptides, and analogues","['2017-08-03_15h09m06s', '2017-08-03_15h09m51s', '2017-05-30_06h56m05s', '2017-05-17_19h50m07s', '2017-05-17_19h49m04s']",[1 1 1 0 0 1 1 0],"['Servier_Ctrl_mouse_wb_median_plane_chca', 'Servier_Ctrl_mouse_wb_lateral_plane_chca', 'whole body xenograft (2) [RMS norm]', 'wb xenograft trp pathway dosed- rms_corrected', 'whole body xenograft (1) [RMS norm]']",Multiple Datasets,Multiple Datasets,0.9071348,13.472151
C11H21NO4+H+,C11H21NO4,+H,C11H22NO4,O-isobutyryl-L-carnitine,Lipids and lipid-like molecules,Fatty Acyls,Fatty acid esters,"['2017-08-03_15h09m06s', '2017-08-11_07h59m58s', '2017-08-03_15h09m51s', '2017-05-30_06h56m05s', '2017-05-17_19h50m07s']",[0 1 1 0 0 1 1 1],"['Servier_Ctrl_mouse_wb_median_plane_chca', 'Servier_Ctrl_mouse_wb_lateral_plane_DHB', 'Servier_Ctrl_mouse_wb_lateral_plane_chca', 'whole body xenograft (2) [RMS norm]', 'wb xenograft trp pathway dosed- rms_corrected']",Multiple Datasets,Multiple Datasets,7.0693884,10.553559
C15H22N2O4+H+,C15H22N2O4,+H,C15H23N2O4,Leucyl-Tyrosine,Organic acids and derivatives,Carboxylic acids and derivatives,"Amino acids, peptides, and analogues","['2017-08-03_15h09m06s', '2017-08-03_15h09m51s']",[0 0 0 0 0 1 1 0],"['Servier_Ctrl_mouse_wb_median_plane_chca', 'Servier_Ctrl_mouse_wb_lateral_plane_chca']",Multiple Datasets,Multiple Datasets,4.4938774,13.469463
C10H16N4O3+H+,C10H16N4O3,+H,C10H17N4O3,Homocarnosine,Organic acids and derivatives,Peptidomimetics,Hybrid peptides,"['2017-08-03_15h09m06s', '2017-08-11_07h59m58s', '2017-08-03_15h09m51s', '2017-05-30_06h56m05s', '2017-05-17_19h50m07s', '2017-05-17_19h49m04s']",[1 1 1 0 0 1 1 1],"['Servier_Ctrl_mouse_wb_median_plane_chca', 'Servier_Ctrl_mouse_wb_lateral_plane_DHB', 'Servier_Ctrl_mouse_wb_lateral_plane_chca', 'whole body xenograft (2) [RMS norm]', 'wb xenograft trp pathway dosed- rms_corrected', 'whole body xenograft (1) [RMS norm]']",Multiple Datasets,Multiple Datasets,-2.038573,13.297522
C22H22O7+H+,C22H22O7,+H,C22H23O7,5'-Methoxycurcumin,Organoheterocyclic compounds,Benzopyrans,1-benzopyrans,"['2017-08-03_15h09m06s', '2017-08-11_07h59m58s', '2017-08-03_15h09m51s', '2017-05-30_06h56m05s', '2017-05-17_19h50m07s']",[0 1 1 0 0 1 1 1],"['Servier_Ctrl_mouse_wb_median_plane_chca', 'Servier_Ctrl_mouse_wb_lateral_plane_DHB', 'Servier_Ctrl_mouse_wb_lateral_plane_chca', 'whole body xenograft (2) [RMS norm]', 'wb xenograft trp pathway dosed- rms_corrected']",Multiple Datasets,Multiple Datasets,6.7134647,10.667937
C10H19NO4+H+,C10H19NO4,+H,C10H20NO4,O-propanoyl-carnitine,Lipids and lipid-like molecules,Fatty Acyls,Fatty acid esters,"['2017-08-03_15h09m06s', '2017-08-03_15h09m51s', '2017-05-17_19h50m07s']",[0 1 0 0 0 1 1 0],"['Servier_Ctrl_mouse_wb_median_plane_chca', 'Servier_Ctrl_mouse_wb_lateral_plane_chca', 'wb xenograft trp pathway dosed- rms_corrected']",Multiple Datasets,Multiple Datasets,4.4848113,13.482897
C17H14O10+H+,C17H14O10,+H,C17H15O10,"3,4,5-trihydroxy-6-({7-oxo-7H-furo[3,2-g]chromen-4-yl}oxy)oxane-2-carboxylic acid",Organic oxygen compounds,Organooxygen compounds,Carbohydrates and carbohydrate conjugates,"['2017-08-03_15h09m06s', '2017-08-03_15h09m51s']",[0 0 0 0 0 1 1 0],"['Servier_Ctrl_mouse_wb_median_plane_chca', 'Servier_Ctrl_mouse_wb_lateral_plane_chca']",Multiple Datasets,Multiple Datasets,4.704863,13.831021
C25H49NO4+H+,C25H49NO4,+H,C25H50NO4,O-octadecanoyl-R-carnitine,Lipids and lipid-like molecules,Fatty Acyls,Fatty acid esters,"['2017-08-03_15h09m06s', '2017-08-11_07h59m58s', '2017-08-03_15h09m51s', '2017-05-30_06h56m05s', '2017-05-17_19h50m07s', '2017-05-17_19h49m04s']",[1 1 1 0 0 1 1 1],"['Servier_Ctrl_mouse_wb_median_plane_chca', 'Servier_Ctrl_mouse_wb_lateral_plane_DHB', 'Servier_Ctrl_mouse_wb_lateral_plane_chca', 'whole body xenograft (2) [RMS norm]', 'wb xenograft trp pathway dosed- rms_corrected', 'whole body xenograft (1) [RMS norm]']",Multiple Datasets,Multiple Datasets,-1.9244683,13.183398
C15H22N6O5S+H+,C15H22N6O5S,+H,C15H23N6O5S,S-adenosyl-L-methioninate,,,,"['2017-08-03_15h09m06s', '2017-08-11_07h59m58s', '2017-08-03_15h09m51s']",[0 0 0 0 0 1 1 1],"['Servier_Ctrl_mouse_wb_median_plane_chca', 'Servier_Ctrl_mouse_wb_lateral_plane_DHB', 'Servier_Ctrl_mouse_wb_lateral_plane_chca']",Multiple Datasets,Multiple Datasets,6.7274384,10.765577
C26H52NO6P+H+,C26H52NO6P,+H,C26H53NO6P,LysoPC(P-18:1(9Z)),Lipids and lipid-like molecules,Glycerophospholipids,Glycerophosphocholines,"['2017-08-03_15h09m06s', '2017-08-03_15h09m51s']",[0 0 0 0 0 1 1 0],"['Servier_Ctrl_mouse_wb_median_plane_chca', 'Servier_Ctrl_mouse_wb_lateral_plane_chca']",Multiple Datasets,Multiple Datasets,-1.6518635,12.966973
C25H47NO4+H+,C25H47NO4,+H,C25H48NO4,Octadecenoylcarnitine,Lipids and lipid-like molecules,Fatty Acyls,Fatty acid esters,"['2017-08-03_15h09m06s', '2017-08-11_07h59m58s', '2017-08-03_15h09m51s', '2017-05-30_06h56m05s', '2017-05-17_19h50m07s', '2017-05-17_19h49m04s']",[1 1 1 0 0 1 1 1],"['Servier_Ctrl_mouse_wb_median_plane_chca', 'Servier_Ctrl_mouse_wb_lateral_plane_DHB', 'Servier_Ctrl_mouse_wb_lateral_plane_chca', 'whole body xenograft (2) [RMS norm]', 'wb xenograft trp pathway dosed- rms_corrected', 'whole body xenograft (1) [RMS norm]']",Multiple Datasets,Multiple Datasets,-1.9097334,13.137564
C37H68O4+H+,C37H68O4,+H,C37H69O4,Cohibin D,Lipids and lipid-like molecules,Fatty Acyls,Fatty alcohols,"['2017-08-03_15h09m06s', '2017-08-11_07h59m58s']",[0 0 0 0 0 1 0 1],"['Servier_Ctrl_mouse_wb_median_plane_chca', 'Servier_Ctrl_mouse_wb_lateral_plane_DHB']",Multiple Datasets,Multiple Datasets,6.805186,10.622187
C12H20N2O3+H+,C12H20N2O3,+H,C12H21N2O3,Pirbuterol,Organoheterocyclic compounds,Pyridines and derivatives,Hydroxypyridines,"['2017-08-03_15h09m06s', '2017-05-17_19h50m07s']",[0 1 0 0 0 1 0 0],"['Servier_Ctrl_mouse_wb_median_plane_chca', 'wb xenograft trp pathway dosed- rms_corrected']",Multiple Datasets,Multiple Datasets,-0.6123783,9.620425
C26H50NO7P+H+,C26H50NO7P,+H,C26H51NO7P,2-linoleoyl-sn-glycero-3-phosphocholine,Lipids and lipid-like molecules,Glycerophospholipids,Glycerophosphocholines,"['2017-08-03_15h09m06s', '2017-08-11_07h59m58s', '2017-08-03_15h09m51s', '2017-05-30_06h56m05s', '2017-05-17_19h50m07s', '2017-05-17_19h49m04s']",[1 1 1 0 0 1 1 1],"['Servier_Ctrl_mouse_wb_median_plane_chca', 'Servier_Ctrl_mouse_wb_lateral_plane_DHB', 'Servier_Ctrl_mouse_wb_lateral_plane_chca', 'whole body xenograft (2) [RMS norm]', 'wb xenograft trp pathway dosed- rms_corrected', 'whole body xenograft (1) [RMS norm]']",Multiple Datasets,Multiple Datasets,3.7020023,15.272569
C8H20NO6P+H+,C8H20NO6P,+H,C8H21NO6P,Glycerophosphocholine,Lipids and lipid-like molecules,Glycerophospholipids,Glycerophosphocholines,"['2017-08-03_15h09m06s', '2017-08-11_07h59m58s', '2017-08-03_15h09m51s', '2017-05-30_06h56m05s', '2017-05-17_19h50m07s', '2017-05-17_19h49m04s']",[1 1 1 0 0 1 1 1],"['Servier_Ctrl_mouse_wb_median_plane_chca', 'Servier_Ctrl_mouse_wb_lateral_plane_DHB', 'Servier_Ctrl_mouse_wb_lateral_plane_chca', 'whole body xenograft (2) [RMS norm]', 'wb xenograft trp pathway dosed- rms_corrected', 'whole body xenograft (1) [RMS norm]']",Multiple Datasets,Multiple Datasets,6.9818907,10.500156
C35H66O4+H+,C35H66O4,+H,C35H67O4,Artemoin D,Lipids and lipid-like molecules,Fatty Acyls,Fatty alcohols,"['2017-08-03_15h09m06s', '2017-08-11_07h59m58s', '2017-05-30_06h56m05s', '2017-05-17_19h50m07s']",[0 1 1 0 0 1 0 1],"['Servier_Ctrl_mouse_wb_median_plane_chca', 'Servier_Ctrl_mouse_wb_lateral_plane_DHB', 'whole body xenograft (2) [RMS norm]', 'wb xenograft trp pathway dosed- rms_corrected']",Multiple Datasets,Multiple Datasets,6.709319,10.593968
C21H36O3+H+,C21H36O3,+H,C21H37O3,"3,4-Dimethyl-5-pentyl-2-furandecanoic acid",Lipids and lipid-like molecules,Steroids and steroid derivatives,Pregnane steroids,"['2017-08-03_15h09m06s', '2017-05-30_06h56m05s', '2017-05-17_19h50m07s']",[0 1 1 0 0 1 0 0],"['Servier_Ctrl_mouse_wb_median_plane_chca', 'whole body xenograft (2) [RMS norm]', 'wb xenograft trp pathway dosed- rms_corrected']",Multiple Datasets,Multiple Datasets,2.912407,13.486116
C26H52NO7P+H+,C26H52NO7P,+H,C26H53NO7P,2-oleoyl-sn-glycero-3-phosphocholine,Lipids and lipid-like molecules,Glycerophospholipids,Glycerophosphocholines,"['2017-08-03_15h09m06s', '2017-05-30_06h56m05s', '2017-05-17_19h50m07s', '2017-05-17_19h49m04s']",[1 1 1 0 0 1 0 0],"['Servier_Ctrl_mouse_wb_median_plane_chca', 'whole body xenograft (2) [RMS norm]', 'wb xenograft trp pathway dosed- rms_corrected', 'whole body xenograft (1) [RMS norm]']",Multiple Datasets,Multiple Datasets,3.5427325,14.731186
C37H66O4+H+,C37H66O4,+H,C37H67O4,Montecristin,Lipids and lipid-like molecules,Fatty Acyls,Fatty alcohols,"['2017-08-03_15h09m06s', '2017-08-11_07h59m58s', '2017-05-30_06h56m05s', '2017-05-17_19h50m07s']",[0 1 1 0 0 1 0 1],"['Servier_Ctrl_mouse_wb_median_plane_chca', 'Servier_Ctrl_mouse_wb_lateral_plane_DHB', 'whole body xenograft (2) [RMS norm]', 'wb xenograft trp pathway dosed- rms_corrected']",Multiple Datasets,Multiple Datasets,7.1113267,10.465084
C7H6O4+Na+,C7H6O4,+Na,C7H6O4Na,"2,4,6-trihydroxybenzaldehyde",Benzenoids,Phenols,Benzenetriols and derivatives,"['2017-08-11_07h59m58s', '2017-05-30_06h56m05s', '2017-05-17_19h50m07s', '2017-05-17_19h49m04s']",[1 1 1 0 0 0 0 1],"['Servier_Ctrl_mouse_wb_lateral_plane_DHB', 'whole body xenograft (2) [RMS norm]', 'wb xenograft trp pathway dosed- rms_corrected', 'whole body xenograft (1) [RMS norm]']",Multiple Datasets,Multiple Datasets,2.9147577,13.430841
C8H20NO6P+K+,C8H20NO6P,+K,C8H20NO6PK,Glycerophosphocholine,Lipids and lipid-like molecules,Glycerophospholipids,Glycerophosphocholines,"['2017-08-11_07h59m58s', '2017-08-03_15h09m51s', '2017-05-30_06h56m05s', '2017-05-17_19h50m07s', '2017-05-17_19h49m04s']",[1 1 1 0 0 0 1 1],"['Servier_Ctrl_mouse_wb_lateral_plane_DHB', 'Servier_Ctrl_mouse_wb_lateral_plane_chca', 'whole body xenograft (2) [RMS norm]', 'wb xenograft trp pathway dosed- rms_corrected', 'whole body xenograft (1) [RMS norm]']",Multiple Datasets,Multiple Datasets,5.439261,11.2986355
C12H22O11+Na+,C12H22O11,+Na,C12H22O11Na,"6-({[3,4,5-trihydroxy-6-(hydroxymethyl)oxan-2-yl]oxy}methyl)oxane-2,3,4,5-tetrol",Organic oxygen compounds,Organooxygen compounds,Carbohydrates and carbohydrate conjugates,"['2017-08-11_07h59m58s', '2017-08-03_15h09m51s', '2017-05-17_19h50m07s', '2017-05-17_19h49m04s']",[1 1 0 0 0 0 1 1],"['Servier_Ctrl_mouse_wb_lateral_plane_DHB', 'Servier_Ctrl_mouse_wb_lateral_plane_chca', 'wb xenograft trp pathway dosed- rms_corrected', 'whole body xenograft (1) [RMS norm]']",Multiple Datasets,Multiple Datasets,5.7835183,11.280925
C10H15N5O10P2+H+,C10H15N5O10P2,+H,C10H16N5O10P2,ADP,"Nucleosides, nucleotides, and analogues",Purine nucleotides,Purine ribonucleotides,"['2017-08-11_07h59m58s', '2017-05-30_06h56m05s', '2017-05-17_19h50m07s', '2017-05-17_19h49m04s']",[1 1 1 0 0 0 0 1],"['Servier_Ctrl_mouse_wb_lateral_plane_DHB', 'whole body xenograft (2) [RMS norm]', 'wb xenograft trp pathway dosed- rms_corrected', 'whole body xenograft (1) [RMS norm]']",Multiple Datasets,Multiple Datasets,5.804095,11.229001
C10H14N5O7P+H+,C10H14N5O7P,+H,C10H15N5O7P,2-hydroxy-dAMP,"Nucleosides, nucleotides, and analogues",Purine nucleotides,Purine deoxyribonucleotides,"['2017-08-11_07h59m58s', '2017-05-30_06h56m05s', '2017-05-17_19h50m07s', '2017-05-17_19h49m04s']",[1 1 1 0 0 0 0 1],"['Servier_Ctrl_mouse_wb_lateral_plane_DHB', 'whole body xenograft (2) [RMS norm]', 'wb xenograft trp pathway dosed- rms_corrected', 'whole body xenograft (1) [RMS norm]']",Multiple Datasets,Multiple Datasets,5.5157647,11.246343
C8H20NO6P+Na+,C8H20NO6P,+Na,C8H20NO6PNa,Glycerophosphocholine,Lipids and lipid-like molecules,Glycerophospholipids,Glycerophosphocholines,"['2017-08-11_07h59m58s', '2017-08-03_15h09m51s', '2017-05-30_06h56m05s', '2017-05-17_19h50m07s', '2017-05-17_19h49m04s']",[1 1 1 0 0 0 1 1],"['Servier_Ctrl_mouse_wb_lateral_plane_DHB', 'Servier_Ctrl_mouse_wb_lateral_plane_chca', 'whole body xenograft (2) [RMS norm]', 'wb xenograft trp pathway dosed- rms_corrected', 'whole body xenograft (1) [RMS norm]']",Multiple Datasets,Multiple Datasets,5.5058265,11.169818
C12H22O11+K+,C12H22O11,+K,C12H22O11K,"6-({[3,4,5-trihydroxy-6-(hydroxymethyl)oxan-2-yl]oxy}methyl)oxane-2,3,4,5-tetrol",Organic oxygen compounds,Organooxygen compounds,Carbohydrates and carbohydrate conjugates,"['2017-08-11_07h59m58s', '2017-08-03_15h09m51s']",[0 0 0 0 0 0 1 1],"['Servier_Ctrl_mouse_wb_lateral_plane_DHB', 'Servier_Ctrl_mouse_wb_lateral_plane_chca']",Multiple Datasets,Multiple Datasets,5.6943502,11.260101
C15H18O10+Na+,C15H18O10,+Na,C15H18O10Na,"6-{[3-(2,5-dihydroxyphenyl)propanoyl]oxy}-3,4,5-trihydroxyoxane-2-carboxylic acid",Organic oxygen compounds,Organooxygen compounds,Carbohydrates and carbohydrate conjugates,"['2017-08-11_07h59m58s', '2017-08-03_15h09m51s']",[0 0 0 0 0 0 1 1],"['Servier_Ctrl_mouse_wb_lateral_plane_DHB', 'Servier_Ctrl_mouse_wb_lateral_plane_chca']",Multiple Datasets,Multiple Datasets,-1.5350066,13.345448
C22H24N2O2+H+,C22H24N2O2,+H,C22H25N2O2,Acrivastine,Benzenoids,Benzene and substituted derivatives,Styrenes,"['2017-08-11_07h59m58s', '2017-05-17_19h49m04s']",[1 0 0 0 0 0 0 1],"['Servier_Ctrl_mouse_wb_lateral_plane_DHB', 'whole body xenograft (1) [RMS norm]']",Multiple Datasets,Multiple Datasets,-1.6445161,13.327694
C9H14N4O3+H+,C9H14N4O3,+H,C9H15N4O3,"(6R)-6-(L-Erythro-1,2-Dihydroxypropyl)-5,6,7,8-tetrahydro-4a-hydroxypterin",Organic acids and derivatives,Peptidomimetics,Hybrid peptides,"['2017-08-11_07h59m58s', '2017-05-30_06h56m05s', '2017-05-17_19h50m07s', '2017-05-17_19h49m04s']",[1 1 1 0 0 0 0 1],"['Servier_Ctrl_mouse_wb_lateral_plane_DHB', 'whole body xenograft (2) [RMS norm]', 'wb xenograft trp pathway dosed- rms_corrected', 'whole body xenograft (1) [RMS norm]']",Multiple Datasets,Multiple Datasets,14.1306715,4.7490973
C15H10O6+H+,C15H10O6,+H,C15H11O6,"5-hydroxy-2-(3,4,5-trihydroxyphenyl)-4H-chromen-4-one",Phenylpropanoids and polyketides,Flavonoids,Flavones,"['2017-08-11_07h59m58s', '2017-05-17_19h49m04s']",[1 0 0 0 0 0 0 1],"['Servier_Ctrl_mouse_wb_lateral_plane_DHB', 'whole body xenograft (1) [RMS norm]']",Multiple Datasets,Multiple Datasets,5.595257,11.143157
C13H17NO3+Na+,C13H17NO3,+Na,C13H17NO3Na,Pandamarilactam 3x,Organoheterocyclic compounds,Dihydrofurans,Furanones,"['2017-08-11_07h59m58s', '2017-08-03_15h09m51s', '2017-05-30_06h56m05s', '2017-05-17_19h50m07s', '2017-05-17_19h49m04s']",[1 1 1 0 0 0 1 1],"['Servier_Ctrl_mouse_wb_lateral_plane_DHB', 'Servier_Ctrl_mouse_wb_lateral_plane_chca', 'whole body xenograft (2) [RMS norm]', 'wb xenograft trp pathway dosed- rms_corrected', 'whole body xenograft (1) [RMS norm]']",Multiple Datasets,Multiple Datasets,14.110817,4.7458005
C6H12O6+K+,C6H12O6,+K,C6H12O6K,allo-inositol,Organic oxygen compounds,Organooxygen compounds,Carbohydrates and carbohydrate conjugates,"['2017-08-11_07h59m58s', '2017-08-03_15h09m51s']",[0 0 0 0 0 0 1 1],"['Servier_Ctrl_mouse_wb_lateral_plane_DHB', 'Servier_Ctrl_mouse_wb_lateral_plane_chca']",Multiple Datasets,Multiple Datasets,5.8238087,11.1866455
C9H8O4+H+,C9H8O4,+H,C9H9O4,"(2E)-3-(2,5-dihydroxyphenyl)prop-2-enoic acid",Phenylpropanoids and polyketides,Cinnamic acids and derivatives,Hydroxycinnamic acids and derivatives,['2017-08-11_07h59m58s'],[0 0 0 0 0 0 0 1],['Servier_Ctrl_mouse_wb_lateral_plane_DHB'],2017-08-11_07h59m58s,Servier_Ctrl_mouse_wb_lateral_plane_DHB,-1.6498463,13.232986
C13H8F2O3+Na+,C13H8F2O3,+Na,C13H8O3F2Na,Diflunisal,Benzenoids,Benzene and substituted derivatives,Biphenyls and derivatives,['2017-08-11_07h59m58s'],[0 0 0 0 0 0 0 1],['Servier_Ctrl_mouse_wb_lateral_plane_DHB'],2017-08-11_07h59m58s,Servier_Ctrl_mouse_wb_lateral_plane_DHB,-0.54427767,9.574431
C14H10O6+H+,C14H10O6,+H,C14H11O6,"3,7,9-trihydroxy-1-(hydroxymethyl)-6H-benzo[c]chromen-6-one",Phenylpropanoids and polyketides,Coumarins and derivatives,,"['2017-08-11_07h59m58s', '2017-05-17_19h50m07s', '2017-05-17_19h49m04s']",[1 1 0 0 0 0 0 1],"['Servier_Ctrl_mouse_wb_lateral_plane_DHB', 'wb xenograft trp pathway dosed- rms_corrected', 'whole body xenograft (1) [RMS norm]']",Multiple Datasets,Multiple Datasets,-0.5941108,9.58667
C13H13N3+H+,C13H13N3,+H,C13H14N3,Varenicline,Organoheterocyclic compounds,Indoles and derivatives,Pyridoindoles,['2017-08-11_07h59m58s'],[0 0 0 0 0 0 0 1],['Servier_Ctrl_mouse_wb_lateral_plane_DHB'],2017-08-11_07h59m58s,Servier_Ctrl_mouse_wb_lateral_plane_DHB,5.569887,11.332891
C7H6O4+H+,C7H6O4,+H,C7H7O4,"2,4,6-trihydroxybenzaldehyde",Benzenoids,Phenols,Benzenetriols and derivatives,"['2017-08-11_07h59m58s', '2017-05-30_06h56m05s', '2017-05-17_19h50m07s', '2017-05-17_19h49m04s']",[1 1 1 0 0 0 0 1],"['Servier_Ctrl_mouse_wb_lateral_plane_DHB', 'whole body xenograft (2) [RMS norm]', 'wb xenograft trp pathway dosed- rms_corrected', 'whole body xenograft (1) [RMS norm]']",Multiple Datasets,Multiple Datasets,-0.4673918,9.454599
C14H28O7+H+,C14H28O7,+H,C14H29O7,"(R)-1-O-b-D-glucopyranosyl-1,3-octanediol",Lipids and lipid-like molecules,Fatty Acyls,Fatty acyl glycosides,['2017-08-11_07h59m58s'],[0 0 0 0 0 0 0 1],['Servier_Ctrl_mouse_wb_lateral_plane_DHB'],2017-08-11_07h59m58s,Servier_Ctrl_mouse_wb_lateral_plane_DHB,5.6576,11.3359785
C9H15N3O2+H+,C9H15N3O2,+H,C9H16N3O2,L-Histidine trimethylbetaine,Organic acids and derivatives,Carboxylic acids and derivatives,"Amino acids, peptides, and analogues",['2017-08-11_07h59m58s'],[0 0 0 0 0 0 0 1],['Servier_Ctrl_mouse_wb_lateral_plane_DHB'],2017-08-11_07h59m58s,Servier_Ctrl_mouse_wb_lateral_plane_DHB,-0.428438,9.420989
C47H69O8P+H+,C47H69O8P,+H,C47H70O8P,"PA(22:6(4Z,7Z,10Z,13Z,16Z,19Z)/22:6(4Z,7Z,10Z,13Z,16Z,19Z))",Lipids and lipid-like molecules,Glycerophospholipids,Glycerophosphates,['2017-08-11_07h59m58s'],[0 0 0 0 0 0 0 1],['Servier_Ctrl_mouse_wb_lateral_plane_DHB'],2017-08-11_07h59m58s,Servier_Ctrl_mouse_wb_lateral_plane_DHB,-0.5618615,9.555084
C10H16N5O13P3+H+,C10H16N5O13P3,+H,C10H17N5O13P3,2-hydroxy-dATP,"Nucleosides, nucleotides, and analogues",Purine nucleotides,Purine ribonucleotides,"['2017-08-11_07h59m58s', '2017-05-30_06h56m05s', '2017-05-17_19h50m07s']",[0 1 1 0 0 0 0 1],"['Servier_Ctrl_mouse_wb_lateral_plane_DHB', 'whole body xenograft (2) [RMS norm]', 'wb xenograft trp pathway dosed- rms_corrected']",Multiple Datasets,Multiple Datasets,-0.51643205,9.507693
C11H8O5+H+,C11H8O5,+H,C11H9O5,2-(4-methoxy-1-benzofuran-5-yl)-2-oxoacetic acid,Phenylpropanoids and polyketides,Coumarins and derivatives,,"['2017-08-11_07h59m58s', '2017-05-30_06h56m05s', '2017-05-17_19h50m07s']",[0 1 1 0 0 0 0 1],"['Servier_Ctrl_mouse_wb_lateral_plane_DHB', 'whole body xenograft (2) [RMS norm]', 'wb xenograft trp pathway dosed- rms_corrected']",Multiple Datasets,Multiple Datasets,2.5270433,13.519135
C29H40N8O5+H+,C29H40N8O5,+H,C29H41N8O5,Hordatine B,Phenylpropanoids and polyketides,2-arylbenzofuran flavonoids,,['2017-08-11_07h59m58s'],[0 0 0 0 0 0 0 1],['Servier_Ctrl_mouse_wb_lateral_plane_DHB'],2017-08-11_07h59m58s,Servier_Ctrl_mouse_wb_lateral_plane_DHB,2.6905653,13.367874
C35H64O4+H+,C35H64O4,+H,C35H65O4,Cohibin B,Lipids and lipid-like molecules,Fatty Acyls,Fatty alcohols,['2017-08-11_07h59m58s'],[0 0 0 0 0 0 0 1],['Servier_Ctrl_mouse_wb_lateral_plane_DHB'],2017-08-11_07h59m58s,Servier_Ctrl_mouse_wb_lateral_plane_DHB,-0.5496818,9.540586
C24H50NO7P+K+,C24H50NO7P,+K,C24H50NO7PK,LysoPC(16:0),Lipids and lipid-like molecules,Glycerophospholipids,Glycerophosphocholines,['2017-08-03_15h09m51s'],[0 0 0 0 0 0 1 0],['Servier_Ctrl_mouse_wb_lateral_plane_chca'],2017-08-03_15h09m51s,Servier_Ctrl_mouse_wb_lateral_plane_chca,-0.5907214,9.580474
C18H32O16+K+,C18H32O16,+K,C18H32O16K,D-Gal alpha 1->6D-Gal alpha 1->6D-Glucose,Organic oxygen compounds,Organooxygen compounds,Carbohydrates and carbohydrate conjugates,['2017-08-03_15h09m51s'],[0 0 0 0 0 0 1 0],['Servier_Ctrl_mouse_wb_lateral_plane_chca'],2017-08-03_15h09m51s,Servier_Ctrl_mouse_wb_lateral_plane_chca,-1.0370678,13.515478
C15H28O4+K+,C15H28O4,+K,C15H28O4K,"7(14)-Bisabolene-2,3,10,11-tetrol",Lipids and lipid-like molecules,Prenol lipids,Sesquiterpenoids,['2017-08-03_15h09m51s'],[0 0 0 0 0 0 1 0],['Servier_Ctrl_mouse_wb_lateral_plane_chca'],2017-08-03_15h09m51s,Servier_Ctrl_mouse_wb_lateral_plane_chca,-0.99480426,13.536282
C15H16O9S+K+,C15H16O9S,+K,C15H16O9SK,"{[1-(3,4-dihydroxyphenyl)-3-(2,4,6-trihydroxyphenyl)propan-2-yl]oxy}sulfonic acid",Phenylpropanoids and polyketides,"Linear 1,3-diarylpropanoids",Cinnamylphenols,['2017-08-03_15h09m51s'],[0 0 0 0 0 0 1 0],['Servier_Ctrl_mouse_wb_lateral_plane_chca'],2017-08-03_15h09m51s,Servier_Ctrl_mouse_wb_lateral_plane_chca,-1.1233577,13.470705
C18H24O3+Na+,C18H24O3,+Na,C18H24O3Na,7alpha-hydroxyestradiol,Lipids and lipid-like molecules,Steroids and steroid derivatives,Estrane steroids,['2017-08-03_15h09m51s'],[0 0 0 0 0 0 1 0],['Servier_Ctrl_mouse_wb_lateral_plane_chca'],2017-08-03_15h09m51s,Servier_Ctrl_mouse_wb_lateral_plane_chca,-1.0804957,13.470366
C11H21NO5+H+,C11H21NO5,+H,C11H22NO5,(R)-3-hydroxybutyrylcarnitine,Lipids and lipid-like molecules,Fatty Acyls,Fatty acid esters,"['2017-08-03_15h09m51s', '2017-05-17_19h50m07s']",[0 1 0 0 0 0 1 0],"['Servier_Ctrl_mouse_wb_lateral_plane_chca', 'wb xenograft trp pathway dosed- rms_corrected']",Multiple Datasets,Multiple Datasets,-1.134012,13.444472
C6H14O12P2-H-,C6H14O12P2,-H,C6H13O12P2,"1D-Myo-inositol 1,4-bisphosphate",Organic oxygen compounds,Organooxygen compounds,Alcohols and polyols,"['2017-07-26_18h25m14s', '2017-07-24_19h42m31s']",[0 0 0 1 1 0 0 0],"['Servier_Ctrl_mouse_wb_median_plane_9aa', 'Servier_Ctrl_mouse_wb_lateral_plane_9aa']",Multiple Datasets,Multiple Datasets,4.668457,13.781717
C10H14O4S-H-,C10H14O4S,-H,C10H13O4S,(2-methyl-3-phenylpropoxy)sulfonic acid,Organic acids and derivatives,Organic sulfuric acids and derivatives,Arylsulfates,"['2017-07-26_18h25m14s', '2017-07-24_19h42m31s']",[0 0 0 1 1 0 0 0],"['Servier_Ctrl_mouse_wb_median_plane_9aa', 'Servier_Ctrl_mouse_wb_lateral_plane_9aa']",Multiple Datasets,Multiple Datasets,-1.5523763,0.1524139
C6H12O6+Cl-,C6H12O6,+Cl,C6H12O6Cl,allo-inositol,Organic oxygen compounds,Organooxygen compounds,Carbohydrates and carbohydrate conjugates,"['2017-07-26_18h25m14s', '2017-07-24_19h42m31s']",[0 0 0 1 1 0 0 0],"['Servier_Ctrl_mouse_wb_median_plane_9aa', 'Servier_Ctrl_mouse_wb_lateral_plane_9aa']",Multiple Datasets,Multiple Datasets,-0.9285024,0.14373994
C13H22O4-H-,C13H22O4,-H,C13H21O4,2-Carboxy-4-dodecanolide,Organoheterocyclic compounds,Lactones,Gamma butyrolactones,"['2017-07-26_18h25m14s', '2017-07-24_19h42m31s']",[0 0 0 1 1 0 0 0],"['Servier_Ctrl_mouse_wb_median_plane_9aa', 'Servier_Ctrl_mouse_wb_lateral_plane_9aa']",Multiple Datasets,Multiple Datasets,-1.3953032,0.004343379
C6H13O9P-H-,C6H13O9P,-H,C6H12O9P,D-galactopyranose 1-phosphate,Organic oxygen compounds,Organooxygen compounds,Carbohydrates and carbohydrate conjugates,"['2017-07-26_18h25m14s', '2017-07-24_19h42m31s']",[0 0 0 1 1 0 0 0],"['Servier_Ctrl_mouse_wb_median_plane_9aa', 'Servier_Ctrl_mouse_wb_lateral_plane_9aa']",Multiple Datasets,Multiple Datasets,-0.8278247,0.13124584
C22H32O2-H-,C22H32O2,-H,C22H31O2,"(Z,Z)-2-Methyl-5-(8,11,14-pentadecatrienyl)-1,3-benzenediol",Lipids and lipid-like molecules,Fatty Acyls,Fatty acids and conjugates,"['2017-07-26_18h25m14s', '2017-07-24_19h42m31s']",[0 0 0 1 1 0 0 0],"['Servier_Ctrl_mouse_wb_median_plane_9aa', 'Servier_Ctrl_mouse_wb_lateral_plane_9aa']",Multiple Datasets,Multiple Datasets,-1.3865682,0.12779719
C20H32O2-H-,C20H32O2,-H,C20H31O2,Oryzalexin E,Lipids and lipid-like molecules,Prenol lipids,Diterpenoids,"['2017-07-26_18h25m14s', '2017-07-24_19h42m31s']",[0 0 0 1 1 0 0 0],"['Servier_Ctrl_mouse_wb_median_plane_9aa', 'Servier_Ctrl_mouse_wb_lateral_plane_9aa']",Multiple Datasets,Multiple Datasets,-1.4973817,-0.18890975
C18H34O2-H-,C18H34O2,-H,C18H33O2,cis-Vaccenic acid,Lipids and lipid-like molecules,Fatty Acyls,Fatty acids and conjugates,"['2017-07-26_18h25m14s', '2017-07-24_19h42m31s']",[0 0 0 1 1 0 0 0],"['Servier_Ctrl_mouse_wb_median_plane_9aa', 'Servier_Ctrl_mouse_wb_lateral_plane_9aa']",Multiple Datasets,Multiple Datasets,-1.6116073,-0.08988205
C18H36O2-H-,C18H36O2,-H,C18H35O2,Hexyl dodecanoate,Lipids and lipid-like molecules,Fatty Acyls,Fatty acids and conjugates,"['2017-07-26_18h25m14s', '2017-07-24_19h42m31s']",[0 0 0 1 1 0 0 0],"['Servier_Ctrl_mouse_wb_median_plane_9aa', 'Servier_Ctrl_mouse_wb_lateral_plane_9aa']",Multiple Datasets,Multiple Datasets,-1.4002877,-0.11446361
C13H9NO-H-,C13H9NO,-H,C13H8NO,9H-Carbazole-3-carboxaldehyde,Organoheterocyclic compounds,Indoles and derivatives,Carbazoles,"['2017-07-26_18h25m14s', '2017-07-24_19h42m31s']",[0 0 0 1 1 0 0 0],"['Servier_Ctrl_mouse_wb_median_plane_9aa', 'Servier_Ctrl_mouse_wb_lateral_plane_9aa']",Multiple Datasets,Multiple Datasets,-1.3357601,-0.07664375
C6H9NO5-H-,C6H9NO5,-H,C6H8NO5,N-Acetyl-L-aspartic acid,Organic acids and derivatives,Carboxylic acids and derivatives,"Amino acids, peptides, and analogues",['2017-07-26_18h25m14s'],[0 0 0 0 1 0 0 0],['Servier_Ctrl_mouse_wb_median_plane_9aa'],2017-07-26_18h25m14s,Servier_Ctrl_mouse_wb_median_plane_9aa,-0.97137153,0.19253327
C10H14N5O7P-H-,C10H14N5O7P,-H,C10H13N5O7P,2-hydroxy-dAMP,"Nucleosides, nucleotides, and analogues",Purine nucleotides,Purine ribonucleotides,"['2017-07-26_18h25m14s', '2017-07-24_19h42m31s']",[0 0 0 1 1 0 0 0],"['Servier_Ctrl_mouse_wb_median_plane_9aa', 'Servier_Ctrl_mouse_wb_lateral_plane_9aa']",Multiple Datasets,Multiple Datasets,2.037643,15.321549
C14H24O4-H-,C14H24O4,-H,C14H23O4,Monomenthyl succinate,Organoheterocyclic compounds,Lactones,Gamma butyrolactones,"['2017-07-26_18h25m14s', '2017-07-24_19h42m31s']",[0 0 0 1 1 0 0 0],"['Servier_Ctrl_mouse_wb_median_plane_9aa', 'Servier_Ctrl_mouse_wb_lateral_plane_9aa']",Multiple Datasets,Multiple Datasets,-1.2738408,0.30896044
C23H32N2O5-H-,C23H32N2O5,-H,C23H31N2O5,Ramipril,Organic acids and derivatives,Carboxylic acids and derivatives,"Amino acids, peptides, and analogues","['2017-07-26_18h25m14s', '2017-07-24_19h42m31s']",[0 0 0 1 1 0 0 0],"['Servier_Ctrl_mouse_wb_median_plane_9aa', 'Servier_Ctrl_mouse_wb_lateral_plane_9aa']",Multiple Datasets,Multiple Datasets,-0.8579956,0.12554085
C10H13N4O8P-H-,C10H13N4O8P,-H,C10H12N4O8P,Inosinic acid,"Nucleosides, nucleotides, and analogues",Purine nucleotides,Purine ribonucleotides,['2017-07-26_18h25m14s'],[0 0 0 0 1 0 0 0],['Servier_Ctrl_mouse_wb_median_plane_9aa'],2017-07-26_18h25m14s,Servier_Ctrl_mouse_wb_median_plane_9aa,-1.5385314,-0.23856059
C16H32O2-H-,C16H32O2,-H,C16H31O2,Dodecyl 2-methylpropanoate,Lipids and lipid-like molecules,Fatty Acyls,Fatty alcohol esters,"['2017-07-26_18h25m14s', '2017-07-24_19h42m31s']",[0 0 0 1 1 0 0 0],"['Servier_Ctrl_mouse_wb_median_plane_9aa', 'Servier_Ctrl_mouse_wb_lateral_plane_9aa']",Multiple Datasets,Multiple Datasets,1.8386574,15.094774
C10H16N4O3-H-,C10H16N4O3,-H,C10H15N4O3,Homocarnosine,Organic acids and derivatives,Peptidomimetics,Hybrid peptides,"['2017-07-26_18h25m14s', '2017-07-24_19h42m31s']",[0 0 0 1 1 0 0 0],"['Servier_Ctrl_mouse_wb_median_plane_9aa', 'Servier_Ctrl_mouse_wb_lateral_plane_9aa']",Multiple Datasets,Multiple Datasets,-1.4178512,0.027659822
C9H14N4O3-H-,C9H14N4O3,-H,C9H13N4O3,Alanyl-Histidine,Organic acids and derivatives,Carboxylic acids and derivatives,"Amino acids, peptides, and analogues","['2017-07-26_18h25m14s', '2017-07-24_19h42m31s']",[0 0 0 1 1 0 0 0],"['Servier_Ctrl_mouse_wb_median_plane_9aa', 'Servier_Ctrl_mouse_wb_lateral_plane_9aa']",Multiple Datasets,Multiple Datasets,-1.2985111,0.3734206
C10H16O4-H-,C10H16O4,-H,C10H15O4,Matsutakic acid A,Lipids and lipid-like molecules,Prenol lipids,Monoterpenoids,"['2017-07-26_18h25m14s', '2017-07-24_19h42m31s']",[0 0 0 1 1 0 0 0],"['Servier_Ctrl_mouse_wb_median_plane_9aa', 'Servier_Ctrl_mouse_wb_lateral_plane_9aa']",Multiple Datasets,Multiple Datasets,-1.4620368,0.24932332
C9H17O12P-H-,C9H17O12P,-H,C9H16O12P,2-O-(6-Phospho-alpha-mannosyl)-D-glycerate,Organic oxygen compounds,Organooxygen compounds,Carbohydrates and carbohydrate conjugates,['2017-07-26_18h25m14s'],[0 0 0 0 1 0 0 0],['Servier_Ctrl_mouse_wb_median_plane_9aa'],2017-07-26_18h25m14s,Servier_Ctrl_mouse_wb_median_plane_9aa,-0.7604094,0.0654055
C18H32O2-H-,C18H32O2,-H,C18H31O2,Octadecadienoate,Lipids and lipid-like molecules,Fatty Acyls,Lineolic acids and derivatives,"['2017-07-26_18h25m14s', '2017-07-24_19h42m31s']",[0 0 0 1 1 0 0 0],"['Servier_Ctrl_mouse_wb_median_plane_9aa', 'Servier_Ctrl_mouse_wb_lateral_plane_9aa']",Multiple Datasets,Multiple Datasets,1.8953942,15.214313
C26H32O3-H-,C26H32O3,-H,C26H31O3,"Methyl (9Z)-6'-oxo-6,5'-diapo-6-carotenoate",Lipids and lipid-like molecules,Prenol lipids,Diterpenoids,['2017-07-26_18h25m14s'],[0 0 0 0 1 0 0 0],['Servier_Ctrl_mouse_wb_median_plane_9aa'],2017-07-26_18h25m14s,Servier_Ctrl_mouse_wb_median_plane_9aa,-1.4702206,-0.22820532
C37H71O8P-H-,C37H71O8P,-H,C37H70O8P,PA(20:1(11Z)/14:0),Lipids and lipid-like molecules,Glycerophospholipids,Glycerophosphates,['2017-07-26_18h25m14s'],[0 0 0 0 1 0 0 0],['Servier_Ctrl_mouse_wb_median_plane_9aa'],2017-07-26_18h25m14s,Servier_Ctrl_mouse_wb_median_plane_9aa,-5.606655,12.893978
C29H41NO7-H-,C29H41NO7,-H,C29H40NO7,Candoxatril,Benzenoids,Indanes,,['2017-07-26_18h25m14s'],[0 0 0 0 1 0 0 0],['Servier_Ctrl_mouse_wb_median_plane_9aa'],2017-07-26_18h25m14s,Servier_Ctrl_mouse_wb_median_plane_9aa,-5.6726074,12.933941
C41H78NO8P-H-,C41H78NO8P,-H,C41H77NO8P,PE-NMe2(18:1(11Z)/16:1(9Z)),Lipids and lipid-like molecules,Glycerophospholipids,Glycerophosphocholines,['2017-07-26_18h25m14s'],[0 0 0 0 1 0 0 0],['Servier_Ctrl_mouse_wb_median_plane_9aa'],2017-07-26_18h25m14s,Servier_Ctrl_mouse_wb_median_plane_9aa,1.7488306,15.270574
C39H76NO8P-H-,C39H76NO8P,-H,C39H75NO8P,PE-NMe2(18:1(9Z)/14:0),Lipids and lipid-like molecules,Glycerophospholipids,Glycerophosphocholines,['2017-07-26_18h25m14s'],[0 0 0 0 1 0 0 0],['Servier_Ctrl_mouse_wb_median_plane_9aa'],2017-07-26_18h25m14s,Servier_Ctrl_mouse_wb_median_plane_9aa,-5.688749,12.805616
C45H78NO8P-H-,C45H78NO8P,-H,C45H77NO8P,"PE-NMe2(18:1(11Z)/20:5(5Z,8Z,11Z,14Z,17Z))",Lipids and lipid-like molecules,Glycerophospholipids,Glycerophosphocholines,['2017-07-26_18h25m14s'],[0 0 0 0 1 0 0 0],['Servier_Ctrl_mouse_wb_median_plane_9aa'],2017-07-26_18h25m14s,Servier_Ctrl_mouse_wb_median_plane_9aa,-5.603535,12.8629265
C12H18O3-H-,C12H18O3,-H,C12H17O3,"3-Ethenyl-2,5-dimethyl-4-oxohex-5-en-2-yl acetate",Organic acids and derivatives,Keto acids and derivatives,Gamma-keto acids and derivatives,['2017-07-26_18h25m14s'],[0 0 0 0 1 0 0 0],['Servier_Ctrl_mouse_wb_median_plane_9aa'],2017-07-26_18h25m14s,Servier_Ctrl_mouse_wb_median_plane_9aa,-5.6233497,12.867337
C16H26O5-H-,C16H26O5,-H,C16H25O5,Artemether,Lipids and lipid-like molecules,Prenol lipids,Sesquiterpenoids,['2017-07-26_18h25m14s'],[0 0 0 0 1 0 0 0],['Servier_Ctrl_mouse_wb_median_plane_9aa'],2017-07-26_18h25m14s,Servier_Ctrl_mouse_wb_median_plane_9aa,1.790681,14.949464
C16H24N3O8-H-,C16H24N3O8,-H,C16H23N3O8,NNAL-N-glucuronide,Organic oxygen compounds,Organooxygen compounds,Carbohydrates and carbohydrate conjugates,['2017-07-26_18h25m14s'],[0 0 0 0 1 0 0 0],['Servier_Ctrl_mouse_wb_median_plane_9aa'],2017-07-26_18h25m14s,Servier_Ctrl_mouse_wb_median_plane_9aa,1.7688733,14.932213
C39H73O8P-H-,C39H73O8P,-H,C39H72O8P,"PA(14:0/22:2(13Z,16Z))",Lipids and lipid-like molecules,Glycerophospholipids,Glycerophosphates,['2017-07-26_18h25m14s'],[0 0 0 0 1 0 0 0],['Servier_Ctrl_mouse_wb_median_plane_9aa'],2017-07-26_18h25m14s,Servier_Ctrl_mouse_wb_median_plane_9aa,1.9131594,15.054642
C10H12N5O6P-H-,C10H12N5O6P,-H,C10H11N5O6P,"Adenosine 2',3'-cyclic phosphate","Nucleosides, nucleotides, and analogues",Purine nucleotides,Cyclic purine nucleotides,['2017-07-26_18h25m14s'],[0 0 0 0 1 0 0 0],['Servier_Ctrl_mouse_wb_median_plane_9aa'],2017-07-26_18h25m14s,Servier_Ctrl_mouse_wb_median_plane_9aa,-5.561552,12.889555
C10H17N3O6S-H-,C10H17N3O6S,-H,C10H16N3O6S,Glutathione,Organic acids and derivatives,Carboxylic acids and derivatives,"Amino acids, peptides, and analogues","['2017-07-26_18h25m14s', '2017-07-24_19h42m31s']",[0 0 0 1 1 0 0 0],"['Servier_Ctrl_mouse_wb_median_plane_9aa', 'Servier_Ctrl_mouse_wb_lateral_plane_9aa']",Multiple Datasets,Multiple Datasets,1.8005161,15.11082
C10H14N5O8P-H-,C10H14N5O8P,-H,C10H13N5O8P,Guanosine monophosphate,"Nucleosides, nucleotides, and analogues",Purine nucleotides,Purine ribonucleotides,['2017-07-26_18h25m14s'],[0 0 0 0 1 0 0 0],['Servier_Ctrl_mouse_wb_median_plane_9aa'],2017-07-26_18h25m14s,Servier_Ctrl_mouse_wb_median_plane_9aa,-1.3796272,0.09072003
C6H8O7-H-,C6H8O7,-H,C6H7O7,"D-Glucaro-1,4-lactone",Organic acids and derivatives,Carboxylic acids and derivatives,Tricarboxylic acids and derivatives,['2017-07-24_19h42m31s'],[0 0 0 1 0 0 0 0],['Servier_Ctrl_mouse_wb_lateral_plane_9aa'],2017-07-24_19h42m31s,Servier_Ctrl_mouse_wb_lateral_plane_9aa,1.866933,15.172056
C8H14O7-H-,C8H14O7,-H,C8H13O7,"6-ethoxy-3,4,5-trihydroxyoxane-2-carboxylic acid",Organic oxygen compounds,Organooxygen compounds,Carbohydrates and carbohydrate conjugates,['2017-07-24_19h42m31s'],[0 0 0 1 0 0 0 0],['Servier_Ctrl_mouse_wb_lateral_plane_9aa'],2017-07-24_19h42m31s,Servier_Ctrl_mouse_wb_lateral_plane_9aa,-1.0539774,0.33016515
C18H30O3S-H-,C18H30O3S,-H,C18H29O3S,4-Dodecylbenzenesulfonic Acid,Benzenoids,Benzene and substituted derivatives,Benzenesulfonic acids and derivatives,['2017-07-24_19h42m31s'],[0 0 0 1 0 0 0 0],['Servier_Ctrl_mouse_wb_lateral_plane_9aa'],2017-07-24_19h42m31s,Servier_Ctrl_mouse_wb_lateral_plane_9aa,-0.89150155,0.2767489
C4H9N3O2+H+,C4H9N3O2,+H,C4H10N3O2,Creatine,Organic acids and derivatives,Carboxylic acids and derivatives,"Amino acids, peptides, and analogues","['2017-05-30_06h56m05s', '2017-05-17_19h50m07s']",[0 1 1 0 0 0 0 0],"['whole body xenograft (2) [RMS norm]', 'wb xenograft trp pathway dosed- rms_corrected']",Multiple Datasets,Multiple Datasets,-1.1067072,0.24993996
C10H13N5O4+H+,C10H13N5O4,+H,C10H14N5O4,Vidarabine,"Nucleosides, nucleotides, and analogues",Pyrimidine nucleosides,"Pyrimidine 2',3'-dideoxyribonucleosides","['2017-05-30_06h56m05s', '2017-05-17_19h50m07s', '2017-05-17_19h49m04s']",[1 1 1 0 0 0 0 0],"['whole body xenograft (2) [RMS norm]', 'wb xenograft trp pathway dosed- rms_corrected', 'whole body xenograft (1) [RMS norm]']",Multiple Datasets,Multiple Datasets,5.017848,14.211469
C18H33NO+Na+,C18H33NO,+Na,C18H33NONa,Linoleamide,Lipids and lipid-like molecules,Fatty Acyls,Fatty amides,"['2017-05-30_06h56m05s', '2017-05-17_19h50m07s']",[0 1 1 0 0 0 0 0],"['whole body xenograft (2) [RMS norm]', 'wb xenograft trp pathway dosed- rms_corrected']",Multiple Datasets,Multiple Datasets,14.445875,-6.0548496
C25H45NO4+H+,C25H45NO4,+H,C25H46NO4,Linoleyl carnitine,Lipids and lipid-like molecules,Fatty Acyls,Fatty acid esters,"['2017-05-30_06h56m05s', '2017-05-17_19h50m07s']",[0 1 1 0 0 0 0 0],"['whole body xenograft (2) [RMS norm]', 'wb xenograft trp pathway dosed- rms_corrected']",Multiple Datasets,Multiple Datasets,5.6002455,13.506441
C26H56NO6P+H+,C26H56NO6P,+H,C26H57NO6P,1-octadecylglycero-3-phosphocholine,Lipids and lipid-like molecules,Glycerophospholipids,Glycerophosphocholines,"['2017-05-30_06h56m05s', '2017-05-17_19h50m07s', '2017-05-17_19h49m04s']",[1 1 1 0 0 0 0 0],"['whole body xenograft (2) [RMS norm]', 'wb xenograft trp pathway dosed- rms_corrected', 'whole body xenograft (1) [RMS norm]']",Multiple Datasets,Multiple Datasets,5.2900615,14.332442
C30H50NO7P+Na+,C30H50NO7P,+Na,C30H50NO7PNa,"LysoPC(22:6(4Z,7Z,10Z,13Z,16Z,19Z))",Lipids and lipid-like molecules,Glycerophospholipids,Glycerophosphocholines,"['2017-05-30_06h56m05s', '2017-05-17_19h50m07s', '2017-05-17_19h49m04s']",[1 1 1 0 0 0 0 0],"['whole body xenograft (2) [RMS norm]', 'wb xenograft trp pathway dosed- rms_corrected', 'whole body xenograft (1) [RMS norm]']",Multiple Datasets,Multiple Datasets,13.723574,-6.2845902
C26H54NO7P+H+,C26H54NO7P,+H,C26H55NO7P,2-acetyl-1-alkyl-sn-glycero-3-phosphocholine,Lipids and lipid-like molecules,Glycerophospholipids,Glycerophosphocholines,"['2017-05-30_06h56m05s', '2017-05-17_19h50m07s', '2017-05-17_19h49m04s']",[1 1 1 0 0 0 0 0],"['whole body xenograft (2) [RMS norm]', 'wb xenograft trp pathway dosed- rms_corrected', 'whole body xenograft (1) [RMS norm]']",Multiple Datasets,Multiple Datasets,14.335186,-6.0739007
C31H42O3+Na+,C31H42O3,+Na,C31H42O3Na,"Hydroxysintaxanthin 5,6-epoxide",Lipids and lipid-like molecules,Prenol lipids,Triterpenoids,"['2017-05-30_06h56m05s', '2017-05-17_19h50m07s', '2017-05-17_19h49m04s']",[1 1 1 0 0 0 0 0],"['whole body xenograft (2) [RMS norm]', 'wb xenograft trp pathway dosed- rms_corrected', 'whole body xenograft (1) [RMS norm]']",Multiple Datasets,Multiple Datasets,13.758555,-6.311027
C34H34N4O4+H+,C34H34N4O4,+H,C34H35N4O4,Protoporphyrin IX,Organoheterocyclic compounds,Tetrapyrroles and derivatives,Porphyrins,['2017-05-30_06h56m05s'],[0 0 1 0 0 0 0 0],['whole body xenograft (2) [RMS norm]'],2017-05-30_06h56m05s,whole body xenograft (2) [RMS norm],13.561124,-6.8215947
C24H48NO7P+H+,C24H48NO7P,+H,C24H49NO7P,LysoPC(16:1(9Z)),Lipids and lipid-like molecules,Glycerophospholipids,Glycerophosphocholines,"['2017-05-30_06h56m05s', '2017-05-17_19h50m07s']",[0 1 1 0 0 0 0 0],"['whole body xenograft (2) [RMS norm]', 'wb xenograft trp pathway dosed- rms_corrected']",Multiple Datasets,Multiple Datasets,1.6203271,13.555986
C28H46O4+Na+,C28H46O4,+Na,C28H46O4Na,3-Dehydroteasterone,Lipids and lipid-like molecules,Steroids and steroid derivatives,"Bile acids, alcohols and derivatives","['2017-05-30_06h56m05s', '2017-05-17_19h50m07s', '2017-05-17_19h49m04s']",[1 1 1 0 0 0 0 0],"['whole body xenograft (2) [RMS norm]', 'wb xenograft trp pathway dosed- rms_corrected', 'whole body xenograft (1) [RMS norm]']",Multiple Datasets,Multiple Datasets,5.121466,14.492438
C24H50NO7P+Na+,C24H50NO7P,+Na,C24H50NO7PNa,LysoPC(16:0),Lipids and lipid-like molecules,Glycerophospholipids,Glycerophosphocholines,"['2017-05-30_06h56m05s', '2017-05-17_19h50m07s', '2017-05-17_19h49m04s']",[1 1 1 0 0 0 0 0],"['whole body xenograft (2) [RMS norm]', 'wb xenograft trp pathway dosed- rms_corrected', 'whole body xenograft (1) [RMS norm]']",Multiple Datasets,Multiple Datasets,13.384325,-6.9779277
C29H45NO4+Na+,C29H45NO4,+Na,C29H45NO4Na,Cervonyl carnitine,Lipids and lipid-like molecules,Fatty Acyls,Fatty acid esters,['2017-05-30_06h56m05s'],[0 0 1 0 0 0 0 0],['whole body xenograft (2) [RMS norm]'],2017-05-30_06h56m05s,whole body xenograft (2) [RMS norm],13.701113,-6.2368884
C31H33N3O7S+H+,C31H33N3O7S,+H,C31H34N3O7S,Zafirlukast metabolite M5,Benzenoids,Benzene and substituted derivatives,Benzenesulfonamides,"['2017-05-30_06h56m05s', '2017-05-17_19h50m07s', '2017-05-17_19h49m04s']",[1 1 1 0 0 0 0 0],"['whole body xenograft (2) [RMS norm]', 'wb xenograft trp pathway dosed- rms_corrected', 'whole body xenograft (1) [RMS norm]']",Multiple Datasets,Multiple Datasets,1.2982657,13.900282
C28H46O4+H+,C28H46O4,+H,C28H47O4,3-Dehydroteasterone,Lipids and lipid-like molecules,Steroids and steroid derivatives,"Bile acids, alcohols and derivatives","['2017-05-30_06h56m05s', '2017-05-17_19h50m07s', '2017-05-17_19h49m04s']",[1 1 1 0 0 0 0 0],"['whole body xenograft (2) [RMS norm]', 'wb xenograft trp pathway dosed- rms_corrected', 'whole body xenograft (1) [RMS norm]']",Multiple Datasets,Multiple Datasets,13.810528,-6.14931
C10H13N4O8P+H+,C10H13N4O8P,+H,C10H14N4O8P,Inosine 2'-phosphate,"Nucleosides, nucleotides, and analogues",Purine nucleotides,Purine ribonucleotides,"['2017-05-30_06h56m05s', '2017-05-17_19h50m07s']",[0 1 1 0 0 0 0 0],"['whole body xenograft (2) [RMS norm]', 'wb xenograft trp pathway dosed- rms_corrected']",Multiple Datasets,Multiple Datasets,13.230576,-6.9391327
C28H50NO7P+H+,C28H50NO7P,+H,C28H51NO7P,"LysoPC(20:4(8Z,11Z,14Z,17Z))",Lipids and lipid-like molecules,Glycerophospholipids,Glycerophosphocholines,"['2017-05-30_06h56m05s', '2017-05-17_19h50m07s', '2017-05-17_19h49m04s']",[1 1 1 0 0 0 0 0],"['whole body xenograft (2) [RMS norm]', 'wb xenograft trp pathway dosed- rms_corrected', 'whole body xenograft (1) [RMS norm]']",Multiple Datasets,Multiple Datasets,5.023973,14.664212
C24H50NO6P+H+,C24H50NO6P,+H,C24H51NO6P,LysoPC(P-16:0),Lipids and lipid-like molecules,Glycerophospholipids,Glycerophosphocholines,"['2017-05-30_06h56m05s', '2017-05-17_19h50m07s']",[0 1 1 0 0 0 0 0],"['whole body xenograft (2) [RMS norm]', 'wb xenograft trp pathway dosed- rms_corrected']",Multiple Datasets,Multiple Datasets,14.393892,-6.1985435
C11H18O11+Na+,C11H18O11,+Na,C11H18O11Na,"3,4,5-trihydroxy-6-{[3-hydroxy-2,2-bis(hydroxymethyl)propanoyl]oxy}oxane-2-carboxylic acid",Organic oxygen compounds,Organooxygen compounds,Carbohydrates and carbohydrate conjugates,['2017-05-30_06h56m05s'],[0 0 1 0 0 0 0 0],['whole body xenograft (2) [RMS norm]'],2017-05-30_06h56m05s,whole body xenograft (2) [RMS norm],5.1137867,14.647931
C6H14N4O2+H+,C6H14N4O2,+H,C6H15N4O2,D-Arginine,Organic acids and derivatives,Carboxylic acids and derivatives,"Amino acids, peptides, and analogues","['2017-05-30_06h56m05s', '2017-05-17_19h50m07s', '2017-05-17_19h49m04s']",[1 1 1 0 0 0 0 0],"['whole body xenograft (2) [RMS norm]', 'wb xenograft trp pathway dosed- rms_corrected', 'whole body xenograft (1) [RMS norm]']",Multiple Datasets,Multiple Datasets,1.1531464,13.744871
C10H13N4O8P+Na+,C10H13N4O8P,+Na,C10H13N4O8PNa,Inosine 2'-phosphate,"Nucleosides, nucleotides, and analogues",Purine nucleotides,Purine ribonucleotides,['2017-05-30_06h56m05s'],[0 0 1 0 0 0 0 0],['whole body xenograft (2) [RMS norm]'],2017-05-30_06h56m05s,whole body xenograft (2) [RMS norm],13.956111,-6.765583
C21H28N6O4S+Na+,C21H28N6O4S,+Na,C21H28N6O4SNa,"N-Desmethyl sildenafil (UK-103,320)",Benzenoids,Benzene and substituted derivatives,Benzenesulfonamides,['2017-05-30_06h56m05s'],[0 0 1 0 0 0 0 0],['whole body xenograft (2) [RMS norm]'],2017-05-30_06h56m05s,whole body xenograft (2) [RMS norm],1.4790871,13.605565
C10H15N5O4+H+,C10H15N5O4,+H,C10H16N5O4,Asparaginyl-Histidine,Organic acids and derivatives,Carboxylic acids and derivatives,"Amino acids, peptides, and analogues","['2017-05-30_06h56m05s', '2017-05-17_19h50m07s', '2017-05-17_19h49m04s']",[1 1 1 0 0 0 0 0],"['whole body xenograft (2) [RMS norm]', 'wb xenograft trp pathway dosed- rms_corrected', 'whole body xenograft (1) [RMS norm]']",Multiple Datasets,Multiple Datasets,1.7157288,13.030427
C18H35NO+H+,C18H35NO,+H,C18H36NO,Oleamide,Lipids and lipid-like molecules,Fatty Acyls,Fatty amides,"['2017-05-30_06h56m05s', '2017-05-17_19h50m07s', '2017-05-17_19h49m04s']",[1 1 1 0 0 0 0 0],"['whole body xenograft (2) [RMS norm]', 'wb xenograft trp pathway dosed- rms_corrected', 'whole body xenograft (1) [RMS norm]']",Multiple Datasets,Multiple Datasets,14.475588,-6.1708875
C21H41NO4+H+,C21H41NO4,+H,C21H42NO4,Tetradecanoylcarnitine,Lipids and lipid-like molecules,Fatty Acyls,Fatty acid esters,"['2017-05-30_06h56m05s', '2017-05-17_19h50m07s']",[0 1 1 0 0 0 0 0],"['whole body xenograft (2) [RMS norm]', 'wb xenograft trp pathway dosed- rms_corrected']",Multiple Datasets,Multiple Datasets,13.235816,-7.103728
C28H28O6+Na+,C28H28O6,+Na,C28H28O6Na,Garcimangosone A,Lipids and lipid-like molecules,Prenol lipids,Sesquiterpenoids,['2017-05-30_06h56m05s'],[0 0 1 0 0 0 0 0],['whole body xenograft (2) [RMS norm]'],2017-05-30_06h56m05s,whole body xenograft (2) [RMS norm],5.3956037,14.1305485
C27H30O11+Na+,C27H30O11,+Na,C27H30O11Na,"3,4,5-trihydroxy-6-{[12-hydroxy-14-methoxy-6-(3-methylbut-2-en-1-yl)-8,17-dioxatetracyclo[8.7.0.0²,⁷.0¹¹,¹⁶]heptadeca-2(7),3,5,11,13,15-hexaen-5-yl]oxy}oxane-2-carboxylic acid",Phenylpropanoids and polyketides,Flavonoids,Flavonoid glycosides,"['2017-05-30_06h56m05s', '2017-05-17_19h50m07s']",[0 1 1 0 0 0 0 0],"['whole body xenograft (2) [RMS norm]', 'wb xenograft trp pathway dosed- rms_corrected']",Multiple Datasets,Multiple Datasets,1.7621512,12.985891
C24H48NO7P+Na+,C24H48NO7P,+Na,C24H48NO7PNa,LysoPC(16:1(9Z)),Lipids and lipid-like molecules,Glycerophospholipids,Glycerophosphocholines,['2017-05-30_06h56m05s'],[0 0 1 0 0 0 0 0],['whole body xenograft (2) [RMS norm]'],2017-05-30_06h56m05s,whole body xenograft (2) [RMS norm],5.361455,14.433489
C10H12N4O5+Na+,C10H12N4O5,+Na,C10H12N4O5Na,Arabinosylhypoxanthine,"Nucleosides, nucleotides, and analogues",Purine nucleosides,,"['2017-05-30_06h56m05s', '2017-05-17_19h49m04s']",[1 0 1 0 0 0 0 0],"['whole body xenograft (2) [RMS norm]', 'whole body xenograft (1) [RMS norm]']",Multiple Datasets,Multiple Datasets,1.4120023,13.876952
C28H50NO7P+Na+,C28H50NO7P,+Na,C28H50NO7PNa,"LysoPC(20:4(8Z,11Z,14Z,17Z))",Lipids and lipid-like molecules,Glycerophospholipids,Glycerophosphocholines,"['2017-05-30_06h56m05s', '2017-05-17_19h50m07s']",[0 1 1 0 0 0 0 0],"['whole body xenograft (2) [RMS norm]', 'wb xenograft trp pathway dosed- rms_corrected']",Multiple Datasets,Multiple Datasets,14.105708,-6.331061
C10H15N5O10P2+Na+,C10H15N5O10P2,+Na,C10H15N5O10P2Na,ADP,"Nucleosides, nucleotides, and analogues",Purine nucleotides,Purine ribonucleotides,"['2017-05-30_06h56m05s', '2017-05-17_19h50m07s', '2017-05-17_19h49m04s']",[1 1 1 0 0 0 0 0],"['whole body xenograft (2) [RMS norm]', 'wb xenograft trp pathway dosed- rms_corrected', 'whole body xenograft (1) [RMS norm]']",Multiple Datasets,Multiple Datasets,5.090822,14.455945
C10H26N4+H+,C10H26N4,+H,C10H27N4,Spermine,Organic nitrogen compounds,Organonitrogen compounds,Amines,"['2017-05-30_06h56m05s', '2017-05-17_19h50m07s']",[0 1 1 0 0 0 0 0],"['whole body xenograft (2) [RMS norm]', 'wb xenograft trp pathway dosed- rms_corrected']",Multiple Datasets,Multiple Datasets,14.246618,-6.24482
C28H52NO7P+H+,C28H52NO7P,+H,C28H53NO7P,"LysoPC(20:3(8Z,11Z,14Z))",Lipids and lipid-like molecules,Glycerophospholipids,Glycerophosphocholines,"['2017-05-30_06h56m05s', '2017-05-17_19h50m07s']",[0 1 1 0 0 0 0 0],"['whole body xenograft (2) [RMS norm]', 'wb xenograft trp pathway dosed- rms_corrected']",Multiple Datasets,Multiple Datasets,4.865606,14.172903
C10H14N5O7P+Na+,C10H14N5O7P,+Na,C10H14N5O7PNa,2-hydroxy-dAMP,"Nucleosides, nucleotides, and analogues",Purine nucleotides,Purine deoxyribonucleotides,"['2017-05-30_06h56m05s', '2017-05-17_19h49m04s']",[1 0 1 0 0 0 0 0],"['whole body xenograft (2) [RMS norm]', 'whole body xenograft (1) [RMS norm]']",Multiple Datasets,Multiple Datasets,5.280533,14.564791
C23H43NO4+H+,C23H43NO4,+H,C23H44NO4,trans-Hexadec-2-enoyl carnitine,Lipids and lipid-like molecules,Fatty Acyls,Fatty acid esters,"['2017-05-30_06h56m05s', '2017-05-17_19h50m07s']",[0 1 1 0 0 0 0 0],"['whole body xenograft (2) [RMS norm]', 'wb xenograft trp pathway dosed- rms_corrected']",Multiple Datasets,Multiple Datasets,14.206147,-6.3307414
C7H19N3+H+,C7H19N3,+H,C7H20N3,Spermidine,Organic nitrogen compounds,Organonitrogen compounds,Amines,"['2017-05-30_06h56m05s', '2017-05-17_19h50m07s']",[0 1 1 0 0 0 0 0],"['whole body xenograft (2) [RMS norm]', 'wb xenograft trp pathway dosed- rms_corrected']",Multiple Datasets,Multiple Datasets,5.4747157,14.058251
C26H50NO7P+Na+,C26H50NO7P,+Na,C26H50NO7PNa,2-linoleoyl-sn-glycero-3-phosphocholine,Lipids and lipid-like molecules,Glycerophospholipids,Glycerophosphocholines,"['2017-05-30_06h56m05s', '2017-05-17_19h50m07s', '2017-05-17_19h49m04s']",[1 1 1 0 0 0 0 0],"['whole body xenograft (2) [RMS norm]', 'wb xenograft trp pathway dosed- rms_corrected', 'whole body xenograft (1) [RMS norm]']",Multiple Datasets,Multiple Datasets,4.750115,14.195358
C6H6N2O2+H+,C6H6N2O2,+H,C6H7N2O2,2-Aminonicotinic acid,Organoheterocyclic compounds,Azoles,Isoxazoles,"['2017-05-30_06h56m05s', '2017-05-17_19h50m07s']",[0 1 1 0 0 0 0 0],"['whole body xenograft (2) [RMS norm]', 'wb xenograft trp pathway dosed- rms_corrected']",Multiple Datasets,Multiple Datasets,14.1487255,-6.2506704
C13H10N2O5+H+,C13H10N2O5,+H,C13H11N2O5,Thalidomide arene oxide,Organoheterocyclic compounds,Isoindoles and derivatives,Isoindolines,"['2017-05-30_06h56m05s', '2017-05-17_19h50m07s', '2017-05-17_19h49m04s']",[1 1 1 0 0 0 0 0],"['whole body xenograft (2) [RMS norm]', 'wb xenograft trp pathway dosed- rms_corrected', 'whole body xenograft (1) [RMS norm]']",Multiple Datasets,Multiple Datasets,5.530325,13.842678
C4H9N3O2+Na+,C4H9N3O2,+Na,C4H9N3O2Na,Beta-Guanidinopropionic acid,Organic nitrogen compounds,Organonitrogen compounds,Guanidines,"['2017-05-30_06h56m05s', '2017-05-17_19h50m07s', '2017-05-17_19h49m04s']",[1 1 1 0 0 0 0 0],"['whole body xenograft (2) [RMS norm]', 'wb xenograft trp pathway dosed- rms_corrected', 'whole body xenograft (1) [RMS norm]']",Multiple Datasets,Multiple Datasets,13.664719,-6.8156633
C8H7NO+Na+,C8H7NO,+Na,C8H7NONa,Mandelonitrile,Organoheterocyclic compounds,Indoles and derivatives,Hydroxyindoles,"['2017-05-30_06h56m05s', '2017-05-17_19h50m07s', '2017-05-17_19h49m04s']",[1 1 1 0 0 0 0 0],"['whole body xenograft (2) [RMS norm]', 'wb xenograft trp pathway dosed- rms_corrected', 'whole body xenograft (1) [RMS norm]']",Multiple Datasets,Multiple Datasets,14.258267,-6.467064
C6H8N2O2+H+,C6H8N2O2,+H,C6H9N2O2,Pi-Methylimidazoleacetic acid,Organoheterocyclic compounds,Azoles,Imidazoles,"['2017-05-30_06h56m05s', '2017-05-17_19h50m07s']",[0 1 1 0 0 0 0 0],"['whole body xenograft (2) [RMS norm]', 'wb xenograft trp pathway dosed- rms_corrected']",Multiple Datasets,Multiple Datasets,13.313848,-7.0510187
C24H34O2+H+,C24H34O2,+H,C24H35O2,"1,1'-[1,12-Dodecanediylbis(oxy)]bisbenzene",Benzenoids,Phenol ethers,,"['2017-05-30_06h56m05s', '2017-05-17_19h50m07s']",[0 1 1 0 0 0 0 0],"['whole body xenograft (2) [RMS norm]', 'wb xenograft trp pathway dosed- rms_corrected']",Multiple Datasets,Multiple Datasets,5.4440536,13.729398
C30H52NO7P+H+,C30H52NO7P,+H,C30H53NO7P,"LysoPC(22:5(7Z,10Z,13Z,16Z,19Z))",Lipids and lipid-like molecules,Glycerophospholipids,Glycerophosphocholines,"['2017-05-30_06h56m05s', '2017-05-17_19h50m07s', '2017-05-17_19h49m04s']",[1 1 1 0 0 0 0 0],"['whole body xenograft (2) [RMS norm]', 'wb xenograft trp pathway dosed- rms_corrected', 'whole body xenograft (1) [RMS norm]']",Multiple Datasets,Multiple Datasets,5.313493,14.112732
C14H17N5O8+H+,C14H17N5O8,+H,C14H18N5O8,Succinyladenosine,"Nucleosides, nucleotides, and analogues",Purine nucleosides,,"['2017-05-30_06h56m05s', '2017-05-17_19h50m07s', '2017-05-17_19h49m04s']",[1 1 1 0 0 0 0 0],"['whole body xenograft (2) [RMS norm]', 'wb xenograft trp pathway dosed- rms_corrected', 'whole body xenograft (1) [RMS norm]']",Multiple Datasets,Multiple Datasets,14.1043825,-6.1175575
C32H49NO5+Na+,C32H49NO5,+Na,C32H49NO5Na,Daphniphylline,Alkaloids and derivatives,Daphniphylline-type alkaloids,,['2017-05-30_06h56m05s'],[0 0 1 0 0 0 0 0],['whole body xenograft (2) [RMS norm]'],2017-05-30_06h56m05s,whole body xenograft (2) [RMS norm],13.878236,-6.065647
C4H7N3O+Na+,C4H7N3O,+Na,C4H7N3ONa,Creatinine,Organic acids and derivatives,Carboxylic acids and derivatives,"Amino acids, peptides, and analogues",['2017-05-30_06h56m05s'],[0 0 1 0 0 0 0 0],['whole body xenograft (2) [RMS norm]'],2017-05-30_06h56m05s,whole body xenograft (2) [RMS norm],1.526384,13.611122
C5H4N4O+H+,C5H4N4O,+H,C5H5N4O,Hypoxanthine,Organoheterocyclic compounds,Imidazopyrimidines,Purines and purine derivatives,['2017-05-30_06h56m05s'],[0 0 1 0 0 0 0 0],['whole body xenograft (2) [RMS norm]'],2017-05-30_06h56m05s,whole body xenograft (2) [RMS norm],1.7331914,13.657093
C10H9NO+H+,C10H9NO,+H,C10H10NO,Indoleacetaldehyde,Benzenoids,Naphthalenes,,"['2017-05-30_06h56m05s', '2017-05-17_19h50m07s', '2017-05-17_19h49m04s']",[1 1 1 0 0 0 0 0],"['whole body xenograft (2) [RMS norm]', 'wb xenograft trp pathway dosed- rms_corrected', 'whole body xenograft (1) [RMS norm]']",Multiple Datasets,Multiple Datasets,1.1426089,13.738497
C28H48NO7P+H+,C28H48NO7P,+H,C28H49NO7P,"LysoPC(20:5(5Z,8Z,11Z,14Z,17Z))",Lipids and lipid-like molecules,Glycerophospholipids,Glycerophosphocholines,"['2017-05-30_06h56m05s', '2017-05-17_19h50m07s']",[0 1 1 0 0 0 0 0],"['whole body xenograft (2) [RMS norm]', 'wb xenograft trp pathway dosed- rms_corrected']",Multiple Datasets,Multiple Datasets,14.004471,-6.0153456
C29H48O4+H+,C29H48O4,+H,C29H49O4,"(3beta,5alpha,6beta,9alpha,22E,24R)-23-Methylergosta-7,22-diene-3,5,6,9-tetrol",Lipids and lipid-like molecules,Prenol lipids,Quinone and hydroquinone lipids,"['2017-05-30_06h56m05s', '2017-05-17_19h50m07s']",[0 1 1 0 0 0 0 0],"['whole body xenograft (2) [RMS norm]', 'wb xenograft trp pathway dosed- rms_corrected']",Multiple Datasets,Multiple Datasets,4.972931,14.698709
C21H26O4+H+,C21H26O4,+H,C21H27O4,7-(4-Hydroxy-3-methoxyphenyl)-5-methoxy-1-phenyl-3-heptanone,Phenylpropanoids and polyketides,Diarylheptanoids,Linear diarylheptanoids,['2017-05-30_06h56m05s'],[0 0 1 0 0 0 0 0],['whole body xenograft (2) [RMS norm]'],2017-05-30_06h56m05s,whole body xenograft (2) [RMS norm],5.4980145,13.572747
C3H10NO4P+H+,C3H10NO4P,+H,C3H11NO4P,N-Methylethanolaminium phosphate,Organic acids and derivatives,Organic phosphoric acids and derivatives,Phosphate esters,"['2017-05-30_06h56m05s', '2017-05-17_19h50m07s', '2017-05-17_19h49m04s']",[1 1 1 0 0 0 0 0],"['whole body xenograft (2) [RMS norm]', 'wb xenograft trp pathway dosed- rms_corrected', 'whole body xenograft (1) [RMS norm]']",Multiple Datasets,Multiple Datasets,1.8081253,13.4208555
C5H5N5O+H+,C5H5N5O,+H,C5H6N5O,Guanine,Organoheterocyclic compounds,Imidazopyrimidines,Purines and purine derivatives,"['2017-05-30_06h56m05s', '2017-05-17_19h50m07s', '2017-05-17_19h49m04s']",[1 1 1 0 0 0 0 0],"['whole body xenograft (2) [RMS norm]', 'wb xenograft trp pathway dosed- rms_corrected', 'whole body xenograft (1) [RMS norm]']",Multiple Datasets,Multiple Datasets,13.266742,-7.060279
C10H14N5O8P+H+,C10H14N5O8P,+H,C10H15N5O8P,Cyclic pyranopterin monophosphate,Organoheterocyclic compounds,Pteridines and derivatives,Pterins and derivatives,"['2017-05-30_06h56m05s', '2017-05-17_19h50m07s', '2017-05-17_19h49m04s']",[1 1 1 0 0 0 0 0],"['whole body xenograft (2) [RMS norm]', 'wb xenograft trp pathway dosed- rms_corrected', 'whole body xenograft (1) [RMS norm]']",Multiple Datasets,Multiple Datasets,13.499934,-6.9179287
C23H44NO7P+H+,C23H44NO7P,+H,C23H45NO7P,"LysoPE(18:2(9Z,12Z)/0:0)",Lipids and lipid-like molecules,Glycerophospholipids,Glycerophosphoethanolamines,"['2017-05-30_06h56m05s', '2017-05-17_19h50m07s']",[0 1 1 0 0 0 0 0],"['whole body xenograft (2) [RMS norm]', 'wb xenograft trp pathway dosed- rms_corrected']",Multiple Datasets,Multiple Datasets,14.536381,-6.2049184
C16H28O8+H+,C16H28O8,+H,C16H29O8,Foeniculoside VII,Organic oxygen compounds,Organooxygen compounds,Carbohydrates and carbohydrate conjugates,['2017-05-30_06h56m05s'],[0 0 1 0 0 0 0 0],['whole body xenograft (2) [RMS norm]'],2017-05-30_06h56m05s,whole body xenograft (2) [RMS norm],4.9897346,14.565563
C30H50NO7P+H+,C30H50NO7P,+H,C30H51NO7P,"LysoPC(22:6(4Z,7Z,10Z,13Z,16Z,19Z))",Lipids and lipid-like molecules,Glycerophospholipids,Glycerophosphocholines,"['2017-05-30_06h56m05s', '2017-05-17_19h50m07s', '2017-05-17_19h49m04s']",[1 1 1 0 0 0 0 0],"['whole body xenograft (2) [RMS norm]', 'wb xenograft trp pathway dosed- rms_corrected', 'whole body xenograft (1) [RMS norm]']",Multiple Datasets,Multiple Datasets,1.9404308,13.270588
C9H15N3O2S+H+,C9H15N3O2S,+H,C9H16N3O2S,Ergothioneine,Organic acids and derivatives,Carboxylic acids and derivatives,"Amino acids, peptides, and analogues","['2017-05-30_06h56m05s', '2017-05-17_19h50m07s']",[0 1 1 0 0 0 0 0],"['whole body xenograft (2) [RMS norm]', 'wb xenograft trp pathway dosed- rms_corrected']",Multiple Datasets,Multiple Datasets,14.158986,-5.977811
C18H26O4+H+,C18H26O4,+H,C18H27O4,Capsiate,Organoheterocyclic compounds,Benzopyrans,1-benzopyrans,"['2017-05-30_06h56m05s', '2017-05-17_19h50m07s']",[0 1 1 0 0 0 0 0],"['whole body xenograft (2) [RMS norm]', 'wb xenograft trp pathway dosed- rms_corrected']",Multiple Datasets,Multiple Datasets,4.931105,14.23976
C18H12O7+H+,C18H12O7,+H,C18H13O7,"16-hydroxy-12-methoxy-5,7,9,21-tetraoxahexacyclo[11.8.0.0²,¹⁰.0³,⁸.0⁴,⁶.0¹⁵,²⁰]henicosa-1(13),2(10),11,15,17,19-hexaen-14-one",Benzenoids,Phenols,Benzenediols,"['2017-05-30_06h56m05s', '2017-05-17_19h50m07s']",[0 1 1 0 0 0 0 0],"['whole body xenograft (2) [RMS norm]', 'wb xenograft trp pathway dosed- rms_corrected']",Multiple Datasets,Multiple Datasets,5.567192,13.638621
C27H44NO7P+H+,C27H44NO7P,+H,C27H45NO7P,"LysoPE(22:6(4Z,7Z,10Z,13Z,16Z,19Z)/0:0)",Lipids and lipid-like molecules,Glycerophospholipids,Glycerophosphoethanolamines,"['2017-05-30_06h56m05s', '2017-05-17_19h50m07s']",[0 1 1 0 0 0 0 0],"['whole body xenograft (2) [RMS norm]', 'wb xenograft trp pathway dosed- rms_corrected']",Multiple Datasets,Multiple Datasets,5.4368973,13.624876
C23H46NO7P+H+,C23H46NO7P,+H,C23H47NO7P,LysoPE(18:1(9Z)/0:0),Lipids and lipid-like molecules,Glycerophospholipids,Glycerophosphoethanolamines,"['2017-05-30_06h56m05s', '2017-05-17_19h50m07s', '2017-05-17_19h49m04s']",[1 1 1 0 0 0 0 0],"['whole body xenograft (2) [RMS norm]', 'wb xenograft trp pathway dosed- rms_corrected', 'whole body xenograft (1) [RMS norm]']",Multiple Datasets,Multiple Datasets,5.258853,14.517701
C15H27NO2Si2+H+,C15H27NO2Si2,+H,C15H28NO2Si2,"N,O-Bis- (trimethylsilyl)phenylalanine",Organic acids and derivatives,Carboxylic acids and derivatives,"Amino acids, peptides, and analogues",['2017-05-30_06h56m05s'],[0 0 1 0 0 0 0 0],['whole body xenograft (2) [RMS norm]'],2017-05-30_06h56m05s,whole body xenograft (2) [RMS norm],13.905163,-6.2936287
C14H10O8+H+,C14H10O8,+H,C14H11O8,"2-(3,4-Dihydroxybenzoyloxy)-4,6-dihydroxybenzoate",Phenylpropanoids and polyketides,Depsides and depsidones,,['2017-05-30_06h56m05s'],[0 0 1 0 0 0 0 0],['whole body xenograft (2) [RMS norm]'],2017-05-30_06h56m05s,whole body xenograft (2) [RMS norm],1.6715258,12.709728
C21H20O7+H+,C21H20O7,+H,C21H21O7,"7,14-dihydroxy-6-methoxy-4,12-dimethyl-5-(3-methylbut-2-enoyl)-2,9-dioxatricyclo[9.4.0.0³,⁸]pentadeca-1(11),3(8),4,6,12,14-hexaen-10-one",Benzenoids,Benzene and substituted derivatives,Benzoic acids and derivatives,['2017-05-30_06h56m05s'],[0 0 1 0 0 0 0 0],['whole body xenograft (2) [RMS norm]'],2017-05-30_06h56m05s,whole body xenograft (2) [RMS norm],1.4862823,13.696915
C24H51NO7P+H+,C24H51NO7P,+H,C24H52NO7P,1-palmitoylglycerophosphocholine,,,,['2017-05-30_06h56m05s'],[0 0 1 0 0 0 0 0],['whole body xenograft (2) [RMS norm]'],2017-05-30_06h56m05s,whole body xenograft (2) [RMS norm],1.2471528,13.959118
C5H5N5+H+,C5H5N5,+H,C5H6N5,Adenine,Organoheterocyclic compounds,Imidazopyrimidines,Purines and purine derivatives,"['2017-05-30_06h56m05s', '2017-05-17_19h50m07s']",[0 1 1 0 0 0 0 0],"['whole body xenograft (2) [RMS norm]', 'wb xenograft trp pathway dosed- rms_corrected']",Multiple Datasets,Multiple Datasets,1.558538,13.511977
C37H47NO4+H+,C37H47NO4,+H,C37H48NO4,Janthitrem C,Organoheterocyclic compounds,Naphthopyrans,,['2017-05-30_06h56m05s'],[0 0 1 0 0 0 0 0],['whole body xenograft (2) [RMS norm]'],2017-05-30_06h56m05s,whole body xenograft (2) [RMS norm],4.930477,14.414035
C19H37NO4+H+,C19H37NO4,+H,C19H38NO4,Dodecanoylcarnitine,Lipids and lipid-like molecules,Fatty Acyls,Fatty acid esters,['2017-05-30_06h56m05s'],[0 0 1 0 0 0 0 0],['whole body xenograft (2) [RMS norm]'],2017-05-30_06h56m05s,whole body xenograft (2) [RMS norm],1.8474376,13.848456
C18H24O3+H+,C18H24O3,+H,C18H25O3,7alpha-hydroxyestradiol,Lipids and lipid-like molecules,Steroids and steroid derivatives,Estrane steroids,"['2017-05-30_06h56m05s', '2017-05-17_19h50m07s']",[0 1 1 0 0 0 0 0],"['whole body xenograft (2) [RMS norm]', 'wb xenograft trp pathway dosed- rms_corrected']",Multiple Datasets,Multiple Datasets,1.3766495,13.963669
C6H6N2O+H+,C6H6N2O,+H,C6H7N2O,2-Acetylpyrazine,Organic oxygen compounds,Organooxygen compounds,Carbonyl compounds,['2017-05-30_06h56m05s'],[0 0 1 0 0 0 0 0],['whole body xenograft (2) [RMS norm]'],2017-05-30_06h56m05s,whole body xenograft (2) [RMS norm],5.5400167,13.5815
C14H20N6O5S+H+,C14H20N6O5S,+H,C14H21N6O5S,S-Adenosylhomocysteine,"Nucleosides, nucleotides, and analogues",5'-deoxyribonucleosides,5'-deoxy-5'-thionucleosides,['2017-05-30_06h56m05s'],[0 0 1 0 0 0 0 0],['whole body xenograft (2) [RMS norm]'],2017-05-30_06h56m05s,whole body xenograft (2) [RMS norm],1.6498438,13.08977
C24H31ClO8+H+,C24H31ClO8,+H,C24H32O8Cl,Melleolide D,Lipids and lipid-like molecules,Prenol lipids,Sesquiterpenoids,['2017-05-30_06h56m05s'],[0 0 1 0 0 0 0 0],['whole body xenograft (2) [RMS norm]'],2017-05-30_06h56m05s,whole body xenograft (2) [RMS norm],1.1625497,13.771501
C20H16O7+H+,C20H16O7,+H,C20H17O7,"3,5-dihydroxy-8-(hydroxymethyl)-2-(4-hydroxyphenyl)-8-methyl-4H,8H-pyrano[2,3-f]chromen-4-one",Phenylpropanoids and polyketides,Isoflavonoids,Rotenoids,['2017-05-30_06h56m05s'],[0 0 1 0 0 0 0 0],['whole body xenograft (2) [RMS norm]'],2017-05-30_06h56m05s,whole body xenograft (2) [RMS norm],1.6493365,13.107649
C15H10O5+H+,C15H10O5,+H,C15H11O5,"2-[(3,4-dihydroxyphenyl)methylidene]-6-hydroxy-2,3-dihydro-1-benzofuran-3-one",Phenylpropanoids and polyketides,Isoflavonoids,Isoflav-2-enes,['2017-05-30_06h56m05s'],[0 0 1 0 0 0 0 0],['whole body xenograft (2) [RMS norm]'],2017-05-30_06h56m05s,whole body xenograft (2) [RMS norm],1.7916639,12.780347
C19H19NO3+H+,C19H19NO3,+H,C19H20NO3,Koenigine,Organoheterocyclic compounds,Indoles and derivatives,Carbazoles,['2017-05-30_06h56m05s'],[0 0 1 0 0 0 0 0],['whole body xenograft (2) [RMS norm]'],2017-05-30_06h56m05s,whole body xenograft (2) [RMS norm],1.7827435,12.818785
C11H15N2O8P+H+,C11H15N2O8P,+H,C11H16N2O8P,Nicotinamide ribotide,"Nucleosides, nucleotides, and analogues",Pyridine nucleotides,Nicotinamide nucleotides,['2017-05-30_06h56m05s'],[0 0 1 0 0 0 0 0],['whole body xenograft (2) [RMS norm]'],2017-05-30_06h56m05s,whole body xenograft (2) [RMS norm],1.7118536,12.779894
C15H10O4+H+,C15H10O4,+H,C15H11O4,"4,6-dihydroxy-2-(phenylmethylidene)-2,3-dihydro-1-benzofuran-3-one",Phenylpropanoids and polyketides,Isoflavonoids,Isoflav-2-enes,['2017-05-30_06h56m05s'],[0 0 1 0 0 0 0 0],['whole body xenograft (2) [RMS norm]'],2017-05-30_06h56m05s,whole body xenograft (2) [RMS norm],1.4766334,13.447059
C31H42O9+H+,C31H42O9,+H,C31H43O9,Glycinoeclepin B,Lipids and lipid-like molecules,Prenol lipids,Sesquiterpenoids,['2017-05-30_06h56m05s'],[0 0 1 0 0 0 0 0],['whole body xenograft (2) [RMS norm]'],2017-05-30_06h56m05s,whole body xenograft (2) [RMS norm],1.5895371,12.981289
C28H46O4+K+,C28H46O4,+K,C28H46O4K,3-Dehydroteasterone,Lipids and lipid-like molecules,Steroids and steroid derivatives,Ergostane steroids,['2017-05-17_19h50m07s'],[0 1 0 0 0 0 0 0],['wb xenograft trp pathway dosed- rms_corrected'],2017-05-17_19h50m07s,wb xenograft trp pathway dosed- rms_corrected,1.769474,13.538096
C26H45NO7S+Na+,C26H45NO7S,+Na,C26H45NO7SNa,Taurohyocholate,Lipids and lipid-like molecules,Steroids and steroid derivatives,"Bile acids, alcohols and derivatives","['2017-05-17_19h50m07s', '2017-05-17_19h49m04s']",[1 1 0 0 0 0 0 0],"['wb xenograft trp pathway dosed- rms_corrected', 'whole body xenograft (1) [RMS norm]']",Multiple Datasets,Multiple Datasets,4.0799108,14.912812
C24H30F2O6+Na+,C24H30F2O6,+Na,C24H30O6F2Na,Fluocinolone Acetonide,Lipids and lipid-like molecules,Steroids and steroid derivatives,Hydroxysteroids,['2017-05-17_19h50m07s'],[0 1 0 0 0 0 0 0],['wb xenograft trp pathway dosed- rms_corrected'],2017-05-17_19h50m07s,wb xenograft trp pathway dosed- rms_corrected,14.809855,3.9713874
C15H29NO5+H+,C15H29NO5,+H,C15H30NO5,3-hydroxyoctanoyl carnitine,Lipids and lipid-like molecules,Fatty Acyls,Fatty acid esters,['2017-05-17_19h50m07s'],[0 1 0 0 0 0 0 0],['wb xenograft trp pathway dosed- rms_corrected'],2017-05-17_19h50m07s,wb xenograft trp pathway dosed- rms_corrected,4.3784366,15.941269
C17H26O4+Na+,C17H26O4,+Na,C17H26O4Na,Myrsinone,Lipids and lipid-like molecules,Prenol lipids,Sesquiterpenoids,['2017-05-17_19h50m07s'],[0 1 0 0 0 0 0 0],['wb xenograft trp pathway dosed- rms_corrected'],2017-05-17_19h50m07s,wb xenograft trp pathway dosed- rms_corrected,4.061546,15.441143
C18H23NO4+H+,C18H23NO4,+H,C18H24NO4,Arbutamine,Benzenoids,Benzene and substituted derivatives,Benzenesulfonamides,"['2017-05-17_19h50m07s', '2017-05-17_19h49m04s']",[1 1 0 0 0 0 0 0],"['wb xenograft trp pathway dosed- rms_corrected', 'whole body xenograft (1) [RMS norm]']",Multiple Datasets,Multiple Datasets,4.3100405,15.843985
C16H18N6O5+Na+,C16H18N6O5,+Na,C16H18N6O5Na,N-[(5-Hydroxy-2-pyridinyl)methyl]adenosine,"Nucleosides, nucleotides, and analogues",Purine nucleosides,,['2017-05-17_19h50m07s'],[0 1 0 0 0 0 0 0],['wb xenograft trp pathway dosed- rms_corrected'],2017-05-17_19h50m07s,wb xenograft trp pathway dosed- rms_corrected,14.566651,-6.1940603
C6H12O6+Na+,C6H12O6,+Na,C6H12O6Na,allo-inositol,Organic oxygen compounds,Organooxygen compounds,Carbohydrates and carbohydrate conjugates,['2017-05-17_19h50m07s'],[0 1 0 0 0 0 0 0],['wb xenograft trp pathway dosed- rms_corrected'],2017-05-17_19h50m07s,wb xenograft trp pathway dosed- rms_corrected,4.350777,15.864755
C25H36O3+H+,C25H36O3,+H,C25H37O3,Persicachrome,Lipids and lipid-like molecules,Prenol lipids,Diterpenoids,['2017-05-17_19h50m07s'],[0 1 0 0 0 0 0 0],['wb xenograft trp pathway dosed- rms_corrected'],2017-05-17_19h50m07s,wb xenograft trp pathway dosed- rms_corrected,4.097457,15.550068
C19H24O4+H+,C19H24O4,+H,C19H25O4,3-[8-hydroxy-2-methyl-2-(4-methylpent-3-en-1-yl)-2H-chromen-5-yl]propanoic acid,Phenylpropanoids and polyketides,Cinnamic acids and derivatives,Hydroxycinnamic acids and derivatives,['2017-05-17_19h50m07s'],[0 1 0 0 0 0 0 0],['wb xenograft trp pathway dosed- rms_corrected'],2017-05-17_19h50m07s,wb xenograft trp pathway dosed- rms_corrected,4.0942993,15.385917
C18H29NO2+H+,C18H29NO2,+H,C18H30NO2,Penbutolol,Benzenoids,Phenol ethers,,"['2017-05-17_19h50m07s', '2017-05-17_19h49m04s']",[1 1 0 0 0 0 0 0],"['wb xenograft trp pathway dosed- rms_corrected', 'whole body xenograft (1) [RMS norm]']",Multiple Datasets,Multiple Datasets,4.4052267,15.988473
C27H54NO7P+H+,C27H54NO7P,+H,C27H55NO7P,LysoPE(22:1(13Z)/0:0),Lipids and lipid-like molecules,Glycerophospholipids,Glycerophosphoethanolamines,['2017-05-17_19h50m07s'],[0 1 0 0 0 0 0 0],['wb xenograft trp pathway dosed- rms_corrected'],2017-05-17_19h50m07s,wb xenograft trp pathway dosed- rms_corrected,14.258003,-6.4253945
C12H23NO4+H+,C12H23NO4,+H,C12H24NO4,Pivaloylcarnitine,Lipids and lipid-like molecules,Fatty Acyls,Fatty acid esters,['2017-05-17_19h50m07s'],[0 1 0 0 0 0 0 0],['wb xenograft trp pathway dosed- rms_corrected'],2017-05-17_19h50m07s,wb xenograft trp pathway dosed- rms_corrected,4.168941,15.230337
C15H15NO3+H+,C15H15NO3,+H,C15H16NO3,Tolmetin,Organic oxygen compounds,Organooxygen compounds,Carbonyl compounds,['2017-05-17_19h50m07s'],[0 1 0 0 0 0 0 0],['wb xenograft trp pathway dosed- rms_corrected'],2017-05-17_19h50m07s,wb xenograft trp pathway dosed- rms_corrected,4.1298914,15.300239
C24H29NO9+H+,C24H29NO9,+H,C24H30NO9,Codeine-6-glucuronide,Alkaloids and derivatives,Morphinans,,['2017-05-17_19h50m07s'],[0 1 0 0 0 0 0 0],['wb xenograft trp pathway dosed- rms_corrected'],2017-05-17_19h50m07s,wb xenograft trp pathway dosed- rms_corrected,4.206499,15.601389
C21H26O3+H+,C21H26O3,+H,C21H27O3,Acitretin,Lipids and lipid-like molecules,Prenol lipids,Retinoids,['2017-05-17_19h50m07s'],[0 1 0 0 0 0 0 0],['wb xenograft trp pathway dosed- rms_corrected'],2017-05-17_19h50m07s,wb xenograft trp pathway dosed- rms_corrected,4.474904,16.008396
C30H26O9+H+,C30H26O9,+H,C30H27O9,"8-[3,7-dihydroxy-2-(3-hydroxyphenyl)-3,4-dihydro-2H-1-benzopyran-4-yl]-2-(3-hydroxyphenyl)-3,4-dihydro-2H-1-benzopyran-3,5,7-triol",Phenylpropanoids and polyketides,Flavonoids,Biflavonoids and polyflavonoids,['2017-05-17_19h50m07s'],[0 1 0 0 0 0 0 0],['wb xenograft trp pathway dosed- rms_corrected'],2017-05-17_19h50m07s,wb xenograft trp pathway dosed- rms_corrected,4.094819,14.39745
C15H23N5O3+H+,C15H23N5O3,+H,C15H24N5O3,Phenylalanyl-Arginine,Organic acids and derivatives,Carboxylic acids and derivatives,"Amino acids, peptides, and analogues",['2017-05-17_19h50m07s'],[0 1 0 0 0 0 0 0],['wb xenograft trp pathway dosed- rms_corrected'],2017-05-17_19h50m07s,wb xenograft trp pathway dosed- rms_corrected,4.020866,14.274972
C14H18N5O11P+H+,C14H18N5O11P,+H,C14H19N5O11P,"N(6)-(1,2-dicarboxyethyl)AMP",Benzenoids,Benzene and substituted derivatives,Biphenyls and derivatives,"['2017-05-17_19h50m07s', '2017-05-17_19h49m04s']",[1 1 0 0 0 0 0 0],"['wb xenograft trp pathway dosed- rms_corrected', 'whole body xenograft (1) [RMS norm]']",Multiple Datasets,Multiple Datasets,4.3345704,15.174103
C18H30O+H+,C18H30O,+H,C18H31O,"2-(5,8-Tetradecadienyl)cyclobutanone",Lipids and lipid-like molecules,Prenol lipids,Diterpenoids,['2017-05-17_19h50m07s'],[0 1 0 0 0 0 0 0],['wb xenograft trp pathway dosed- rms_corrected'],2017-05-17_19h50m07s,wb xenograft trp pathway dosed- rms_corrected,14.410708,-6.370356
C17H13NO3+H+,C17H13NO3,+H,C17H14NO3,Avenalumin II,Organoheterocyclic compounds,Quinolines and derivatives,,['2017-05-17_19h50m07s'],[0 1 0 0 0 0 0 0],['wb xenograft trp pathway dosed- rms_corrected'],2017-05-17_19h50m07s,wb xenograft trp pathway dosed- rms_corrected,3.920297,14.388899
C7H7NO2+H+,C7H7NO2,+H,C7H8NO2,2-Pyridylacetic acid,Benzenoids,Benzene and substituted derivatives,Benzoic acids and derivatives,['2017-05-17_19h50m07s'],[0 1 0 0 0 0 0 0],['wb xenograft trp pathway dosed- rms_corrected'],2017-05-17_19h50m07s,wb xenograft trp pathway dosed- rms_corrected,4.185547,15.4884815
C12H22N4O5+H+,C12H22N4O5,+H,C12H23N4O5,Neuromedin B (1-3),Organic acids and derivatives,Carboxylic acids and derivatives,"Amino acids, peptides, and analogues",['2017-05-17_19h50m07s'],[0 1 0 0 0 0 0 0],['wb xenograft trp pathway dosed- rms_corrected'],2017-05-17_19h50m07s,wb xenograft trp pathway dosed- rms_corrected,4.050839,15.496041
C26H44O8+H+,C26H44O8,+H,C26H45O8,Goshonoside F2,Lipids and lipid-like molecules,Prenol lipids,Terpene glycosides,['2017-05-17_19h50m07s'],[0 1 0 0 0 0 0 0],['wb xenograft trp pathway dosed- rms_corrected'],2017-05-17_19h50m07s,wb xenograft trp pathway dosed- rms_corrected,4.4411964,15.961427
C32H66NO7P+H+,C32H66NO7P,+H,C32H67NO7P,LysoPC(24:0),Lipids and lipid-like molecules,Glycerophospholipids,Glycerophosphocholines,['2017-05-17_19h50m07s'],[0 1 0 0 0 0 0 0],['wb xenograft trp pathway dosed- rms_corrected'],2017-05-17_19h50m07s,wb xenograft trp pathway dosed- rms_corrected,4.229381,15.118895
C14H29NaO4S+H+,C14H29NaO4S,+H,C14H30O4SNa,Sodium Tetradecyl Sulfate,Organic acids and derivatives,Organic sulfuric acids and derivatives,Sulfuric acid esters,['2017-05-17_19h50m07s'],[0 1 0 0 0 0 0 0],['wb xenograft trp pathway dosed- rms_corrected'],2017-05-17_19h50m07s,wb xenograft trp pathway dosed- rms_corrected,4.1973453,15.043733
C25H31N3O4+H+,C25H31N3O4,+H,C25H32N3O4,"N1,N10-Dicoumaroylspermidine",Phenylpropanoids and polyketides,Cinnamic acids and derivatives,Hydroxycinnamic acids and derivatives,['2017-05-17_19h50m07s'],[0 1 0 0 0 0 0 0],['wb xenograft trp pathway dosed- rms_corrected'],2017-05-17_19h50m07s,wb xenograft trp pathway dosed- rms_corrected,4.5000405,15.875223
C5H11NO2+H+,C5H11NO2,+H,C5H12NO2,Betaine,Organic acids and derivatives,Carboxylic acids and derivatives,"Amino acids, peptides, and analogues",['2017-05-17_19h50m07s'],[0 1 0 0 0 0 0 0],['wb xenograft trp pathway dosed- rms_corrected'],2017-05-17_19h50m07s,wb xenograft trp pathway dosed- rms_corrected,4.4520316,15.98952
C11H19NO6+H+,C11H19NO6,+H,C11H20NO6,Methylmalonylcarnitine,Lipids and lipid-like molecules,Fatty Acyls,Fatty acid esters,['2017-05-17_19h50m07s'],[0 1 0 0 0 0 0 0],['wb xenograft trp pathway dosed- rms_corrected'],2017-05-17_19h50m07s,wb xenograft trp pathway dosed- rms_corrected,4.09455,15.61117
C16H12O9+H+,C16H12O9,+H,C16H13O9,"3,5,7-trihydroxy-6-methoxy-2-(2,4,5-trihydroxyphenyl)-4H-chromen-4-one",Phenylpropanoids and polyketides,Flavonoids,Flavones,['2017-05-17_19h50m07s'],[0 1 0 0 0 0 0 0],['wb xenograft trp pathway dosed- rms_corrected'],2017-05-17_19h50m07s,wb xenograft trp pathway dosed- rms_corrected,3.8449152,15.730313
C7H16NO3+,C7H16NO3,[M]+,C7H16NO3,(S)-carnitinium,Organic nitrogen compounds,Organonitrogen compounds,Quaternary ammonium salts,['2017-05-17_19h49m04s'],[1 0 0 0 0 0 0 0],['whole body xenograft (1) [RMS norm]'],2017-05-17_19h49m04s,whole body xenograft (1) [RMS norm],3.8265376,15.577313
C34H48O7+,C34H48O7,[M]+,C34H48O7,"(24E)-3alpha,15alpha-Diacetoxy-23-oxo-7,9(11),24-lanostatrien-26-oic acid",Lipids and lipid-like molecules,Prenol lipids,Triterpenoids,['2017-05-17_19h49m04s'],[1 0 0 0 0 0 0 0],['whole body xenograft (1) [RMS norm]'],2017-05-17_19h49m04s,whole body xenograft (1) [RMS norm],14.313868,4.10449
C24H51NO7P+,C24H51NO7P,[M]+,C24H51NO7P,2-Palmitoylglycerophosphocholine,,,,['2017-05-17_19h49m04s'],[1 0 0 0 0 0 0 0],['whole body xenograft (1) [RMS norm]'],2017-05-17_19h49m04s,whole body xenograft (1) [RMS norm],13.348003,3.0871413
C12H18O6+,C12H18O6,[M]+,C12H18O6,"1,1'-(Tetrahydro-6a-hydroxy-2,3a,5-trimethylfuro[2,3-d]-1,3-dioxole-2,5-diyl)bis-ethanone",Organic oxygen compounds,Organooxygen compounds,Ethers,['2017-05-17_19h49m04s'],[1 0 0 0 0 0 0 0],['whole body xenograft (1) [RMS norm]'],2017-05-17_19h49m04s,whole body xenograft (1) [RMS norm],14.552037,3.7392137
C26H53NO7P+,C26H53NO7P,[M]+,C26H53NO7P,2-Oleoylglycerophosphocholine,Lipids and lipid-like molecules,Glycerophospholipids,Glycerophosphocholines,['2017-05-17_19h49m04s'],[1 0 0 0 0 0 0 0],['whole body xenograft (1) [RMS norm]'],2017-05-17_19h49m04s,whole body xenograft (1) [RMS norm],13.992006,3.7573166
C13H15N3O2+Na+,C13H15N3O2,+Na,C13H15N3O2Na,OR-1896,Benzenoids,Benzene and substituted derivatives,Anilides,['2017-05-17_19h49m04s'],[1 0 0 0 0 0 0 0],['whole body xenograft (1) [RMS norm]'],2017-05-17_19h49m04s,whole body xenograft (1) [RMS norm],14.035146,3.28712
C9H12O4+,C9H12O4,[M]+,C9H12O4,Vanylglycol,Lipids and lipid-like molecules,Prenol lipids,Quinone and hydroquinone lipids,['2017-05-17_19h49m04s'],[1 0 0 0 0 0 0 0],['whole body xenograft (1) [RMS norm]'],2017-05-17_19h49m04s,whole body xenograft (1) [RMS norm],13.473312,3.1415217
C5H15NO4P+,C5H15NO4P,[M]+,C5H15NO4P,Phosphorylcholine,Organic nitrogen compounds,Organonitrogen compounds,Quaternary ammonium salts,['2017-05-17_19h49m04s'],[1 0 0 0 0 0 0 0],['whole body xenograft (1) [RMS norm]'],2017-05-17_19h49m04s,whole body xenograft (1) [RMS norm],14.273269,3.5709157
C18H23NO4+,C18H23NO4,[M]+,C18H23NO4,beta-oxycodol,Benzenoids,Benzene and substituted derivatives,Benzenesulfonamides,['2017-05-17_19h49m04s'],[1 0 0 0 0 0 0 0],['whole body xenograft (1) [RMS norm]'],2017-05-17_19h49m04s,whole body xenograft (1) [RMS norm],14.47107,3.6139112
C10H17N2O5+Na+,C10H17N2O5,+Na,C10H17N2O5Na,Valyl-Glutamate,Organic acids and derivatives,Carboxylic acids and derivatives,"Amino acids, peptides, and analogues",['2017-05-17_19h49m04s'],[1 0 0 0 0 0 0 0],['whole body xenograft (1) [RMS norm]'],2017-05-17_19h49m04s,whole body xenograft (1) [RMS norm],13.578283,3.6106482
C19H22N2O+Na+,C19H22N2O,+Na,C19H22N2ONa,(R)-Rhazinilam,Benzenoids,,,['2017-05-17_19h49m04s'],[1 0 0 0 0 0 0 0],['whole body xenograft (1) [RMS norm]'],2017-05-17_19h49m04s,whole body xenograft (1) [RMS norm],13.56144,3.1722348
C9H17NO8+H+,C9H17NO8,+H,C9H18NO8,N-(1-Deoxy-1-fructosyl)serine,Organic acids and derivatives,Carboxylic acids and derivatives,"Amino acids, peptides, and analogues",['2017-05-17_19h49m04s'],[1 0 0 0 0 0 0 0],['whole body xenograft (1) [RMS norm]'],2017-05-17_19h49m04s,whole body xenograft (1) [RMS norm],13.555202,3.6009715
C14H16O6+,C14H16O6,[M]+,C14H16O6,Gravolenic acid,Phenylpropanoids and polyketides,Cinnamic acids and derivatives,Hydroxycinnamic acids and derivatives,['2017-05-17_19h49m04s'],[1 0 0 0 0 0 0 0],['whole body xenograft (1) [RMS norm]'],2017-05-17_19h49m04s,whole body xenograft (1) [RMS norm],13.768901,3.2645555
C12H16N2O5+,C12H16N2O5,[M]+,C12H16N2O5,Seryltyrosine,Organic acids and derivatives,Carboxylic acids and derivatives,"Amino acids, peptides, and analogues",['2017-05-17_19h49m04s'],[1 0 0 0 0 0 0 0],['whole body xenograft (1) [RMS norm]'],2017-05-17_19h49m04s,whole body xenograft (1) [RMS norm],14.149797,3.8761652
C15H15NO3+Na+,C15H15NO3,+Na,C15H15NO3Na,Tolmetin,Organic oxygen compounds,Organooxygen compounds,Carbonyl compounds,['2017-05-17_19h49m04s'],[1 0 0 0 0 0 0 0],['whole body xenograft (1) [RMS norm]'],2017-05-17_19h49m04s,whole body xenograft (1) [RMS norm],13.661776,3.4000072
C6H15N4O2+,C6H15N4O2,[M]+,C6H15N4O2,L-argininium(1+),Organic acids and derivatives,Carboxylic acids and derivatives,"Amino acids, peptides, and analogues",['2017-05-17_19h49m04s'],[1 0 0 0 0 0 0 0],['whole body xenograft (1) [RMS norm]'],2017-05-17_19h49m04s,whole body xenograft (1) [RMS norm],14.186959,3.8671002
C26H52NO7P+Na+,C26H52NO7P,+Na,C26H52NO7PNa,2-oleoyl-sn-glycero-3-phosphocholine,Lipids and lipid-like molecules,Glycerophospholipids,Glycerophosphocholines,['2017-05-17_19h49m04s'],[1 0 0 0 0 0 0 0],['whole body xenograft (1) [RMS norm]'],2017-05-17_19h49m04s,whole body xenograft (1) [RMS norm],14.424652,4.0168605
C10H13N5O5+Na+,C10H13N5O5,+Na,C10H13N5O5Na,8-Hydroxy-deoxyguanosine,"Nucleosides, nucleotides, and analogues",Purine nucleosides,Purine 2'-deoxyribonucleosides,['2017-05-17_19h49m04s'],[1 0 0 0 0 0 0 0],['whole body xenograft (1) [RMS norm]'],2017-05-17_19h49m04s,whole body xenograft (1) [RMS norm],14.44174,3.2720895
C8H18NO2+,C8H18NO2,[M]+,C8H18NO2,Propionylcholine,Organic nitrogen compounds,Organonitrogen compounds,Quaternary ammonium salts,['2017-05-17_19h49m04s'],[1 0 0 0 0 0 0 0],['whole body xenograft (1) [RMS norm]'],2017-05-17_19h49m04s,whole body xenograft (1) [RMS norm],14.548631,4.2309217
C26H48NO7P+H+,C26H48NO7P,+H,C26H49NO7P,"LysoPC(18:3(9Z,12Z,15Z))",Lipids and lipid-like molecules,Glycerophospholipids,Glycerophosphocholines,['2017-05-17_19h49m04s'],[1 0 0 0 0 0 0 0],['whole body xenograft (1) [RMS norm]'],2017-05-17_19h49m04s,whole body xenograft (1) [RMS norm],14.34473,4.1280484
C10H15N3O5+Na+,C10H15N3O5,+Na,C10H15N3O5Na,Pyro-L-glutaminyl-L-glutamine,Organic acids and derivatives,Carboxylic acids and derivatives,"Amino acids, peptides, and analogues",['2017-05-17_19h49m04s'],[1 0 0 0 0 0 0 0],['whole body xenograft (1) [RMS norm]'],2017-05-17_19h49m04s,whole body xenograft (1) [RMS norm],14.050024,4.2465463
C16H33NO3+H+,C16H33NO3,+H,C16H34NO3,Lauroyl diethanolamide,Lipids and lipid-like molecules,Fatty Acyls,Fatty amides,['2017-05-17_19h49m04s'],[1 0 0 0 0 0 0 0],['whole body xenograft (1) [RMS norm]'],2017-05-17_19h49m04s,whole body xenograft (1) [RMS norm],13.78762,3.3743765
C28H51NO7P+,C28H51NO7P,[M]+,C28H51NO7P,2-Arachidonoylglycerophosphocholine,Lipids and lipid-like molecules,Glycerophospholipids,Glycerophosphocholines,['2017-05-17_19h49m04s'],[1 0 0 0 0 0 0 0],['whole body xenograft (1) [RMS norm]'],2017-05-17_19h49m04s,whole body xenograft (1) [RMS norm],14.024272,3.8724604
C32H48O7+,C32H48O7,[M]+,C32H48O7,Hovenidulcigenin A,Lipids and lipid-like molecules,Prenol lipids,Terpene lactones,['2017-05-17_19h49m04s'],[1 0 0 0 0 0 0 0],['whole body xenograft (1) [RMS norm]'],2017-05-17_19h49m04s,whole body xenograft (1) [RMS norm],13.634544,3.2611022
C26H55NO7P+,C26H55NO7P,[M]+,C26H55NO7P,1-Stearoylglycerophosphocholine,,,,['2017-05-17_19h49m04s'],[1 0 0 0 0 0 0 0],['whole body xenograft (1) [RMS norm]'],2017-05-17_19h49m04s,whole body xenograft (1) [RMS norm],13.478117,3.014455
C27H44O7+,C27H44O7,[M]+,C27H44O7,Crustecdysone,Lipids and lipid-like molecules,Steroids and steroid derivatives,"Bile acids, alcohols and derivatives",['2017-05-17_19h49m04s'],[1 0 0 0 0 0 0 0],['whole body xenograft (1) [RMS norm]'],2017-05-17_19h49m04s,whole body xenograft (1) [RMS norm],14.440504,3.4101107
C34H50O7+,C34H50O7,[M]+,C34H50O7,Ganodermic acid P2,Lipids and lipid-like molecules,Prenol lipids,Triterpenoids,['2017-05-17_19h49m04s'],[1 0 0 0 0 0 0 0],['whole body xenograft (1) [RMS norm]'],2017-05-17_19h49m04s,whole body xenograft (1) [RMS norm],14.370394,3.2053597
C30H46O7+,C30H46O7,[M]+,C30H46O7,Perulactone,Lipids and lipid-like molecules,Prenol lipids,Triterpenoids,['2017-05-17_19h49m04s'],[1 0 0 0 0 0 0 0],['whole body xenograft (1) [RMS norm]'],2017-05-17_19h49m04s,whole body xenograft (1) [RMS norm],13.348618,3.220097
C10H14N5O5+,C10H14N5O5,[M]+,C10H14N5O5,arabinofuranosylguanine,"Nucleosides, nucleotides, and analogues",Purine nucleosides,,['2017-05-17_19h49m04s'],[1 0 0 0 0 0 0 0],['whole body xenograft (1) [RMS norm]'],2017-05-17_19h49m04s,whole body xenograft (1) [RMS norm],13.939129,4.178834
C10H13N5O5+H+,C10H13N5O5,+H,C10H14N5O5,8-Hydroxy-deoxyguanosine,"Nucleosides, nucleotides, and analogues",Purine nucleosides,Purine 2'-deoxyribonucleosides,['2017-05-17_19h49m04s'],[1 0 0 0 0 0 0 0],['whole body xenograft (1) [RMS norm]'],2017-05-17_19h49m04s,whole body xenograft (1) [RMS norm],14.593867,4.179762
C25H30N3+,C25H30N3,[M]+,C25H30N3,Gentian Violet,Benzenoids,Benzene and substituted derivatives,Diphenylmethanes,['2017-05-17_19h49m04s'],[1 0 0 0 0 0 0 0],['whole body xenograft (1) [RMS norm]'],2017-05-17_19h49m04s,whole body xenograft (1) [RMS norm],14.494202,4.2233806
C10H15N3O5+H+,C10H15N3O5,+H,C10H16N3O5,Pyro-L-glutaminyl-L-glutamine,Organic acids and derivatives,Carboxylic acids and derivatives,"Amino acids, peptides, and analogues",['2017-05-17_19h49m04s'],[1 0 0 0 0 0 0 0],['whole body xenograft (1) [RMS norm]'],2017-05-17_19h49m04s,whole body xenograft (1) [RMS norm],14.573606,3.692147
C15H14O11+,C15H14O11,[M]+,C15H14O11,2-O-Caffeoylhydroxycitric acid,Organic oxygen compounds,Organooxygen compounds,Carbohydrates and carbohydrate conjugates,['2017-05-17_19h49m04s'],[1 0 0 0 0 0 0 0],['whole body xenograft (1) [RMS norm]'],2017-05-17_19h49m04s,whole body xenograft (1) [RMS norm],13.985516,3.6150975
C13H24N4O3S+H+,C13H24N4O3S,+H,C13H25N4O3S,Timolol,Organic nitrogen compounds,Organonitrogen compounds,Amines,['2017-05-17_19h49m04s'],[1 0 0 0 0 0 0 0],['whole body xenograft (1) [RMS norm]'],2017-05-17_19h49m04s,whole body xenograft (1) [RMS norm],13.655225,3.2576787
C17H12O5+,C17H12O5,[M]+,C17H12O5,Gyrocyanin,Benzenoids,Phenols,1-hydroxy-2-unsubstituted benzenoids,['2017-05-17_19h49m04s'],[1 0 0 0 0 0 0 0],['whole body xenograft (1) [RMS norm]'],2017-05-17_19h49m04s,whole body xenograft (1) [RMS norm],13.738932,3.8082707
C18H33NO+H+,C18H33NO,+H,C18H34NO,Linoleamide,Lipids and lipid-like molecules,Fatty Acyls,Fatty amides,['2017-05-17_19h49m04s'],[1 0 0 0 0 0 0 0],['whole body xenograft (1) [RMS norm]'],2017-05-17_19h49m04s,whole body xenograft (1) [RMS norm],14.163162,3.568783
C12H20N2O7+H+,C12H20N2O7,+H,C12H21N2O7,Deoxyfructosazine,Organoheterocyclic compounds,Diazines,Pyrazines,['2017-05-17_19h49m04s'],[1 0 0 0 0 0 0 0],['whole body xenograft (1) [RMS norm]'],2017-05-17_19h49m04s,whole body xenograft (1) [RMS norm],14.282886,4.382038
C28H56NO7P+H+,C28H56NO7P,+H,C28H57NO7P,PC(18:1(9Z)e/2:0),Lipids and lipid-like molecules,Glycerophospholipids,Glycerophosphocholines,['2017-05-17_19h49m04s'],[1 0 0 0 0 0 0 0],['whole body xenograft (1) [RMS norm]'],2017-05-17_19h49m04s,whole body xenograft (1) [RMS norm],14.303337,4.3535233
C9H9NO3+H+,C9H9NO3,+H,C9H10NO3,Adrenochrome,Organoheterocyclic compounds,Indoles and derivatives,,['2017-05-17_19h49m04s'],[1 0 0 0 0 0 0 0],['whole body xenograft (1) [RMS norm]'],2017-05-17_19h49m04s,whole body xenograft (1) [RMS norm],14.399591,3.2246335
C25H50NO7P+H+,C25H50NO7P,+H,C25H51NO7P,LysoPE(20:1(11Z)/0:0),Lipids and lipid-like molecules,Glycerophospholipids,Glycerophosphoethanolamines,['2017-05-17_19h49m04s'],[1 0 0 0 0 0 0 0],['whole body xenograft (1) [RMS norm]'],2017-05-17_19h49m04s,whole body xenograft (1) [RMS norm],14.151309,3.410493
C8H14N3O7P+H+,C8H14N3O7P,+H,C8H15N3O7P,5-Aminoimidazole ribonucleotide,Organic oxygen compounds,Organooxygen compounds,Carbohydrates and carbohydrate conjugates,['2017-05-17_19h49m04s'],[1 0 0 0 0 0 0 0],['whole body xenograft (1) [RMS norm]'],2017-05-17_19h49m04s,whole body xenograft (1) [RMS norm],14.287795,3.1969624
C14H26N4O11P2+H+,C14H26N4O11P2,+H,C14H27N4O11P2,Citicoline,"Nucleosides, nucleotides, and analogues",Pyrimidine nucleotides,Pyrimidine ribonucleotides,['2017-05-17_19h49m04s'],[1 0 0 0 0 0 0 0],['whole body xenograft (1) [RMS norm]'],2017-05-17_19h49m04s,whole body xenograft (1) [RMS norm],13.518038,3.3704743
